band,n,mix_midpoint_est,mean_r,median_r,trimmed_mean_r_5pct,frac_r_between_0_1,mean_delta,median_delta,trimmed_mean_delta_5pct,mean_alpha,mean_residual,mean_local_R2
0-20,1484,0.1,0.2849099504235014,0.19951965618257886,0.26662583715457927,0.9925876010781671,0.2711023352663419,0.25868263840675354,0.26621668230789725,0.715090049718657,0.2711023347438467,0.6587317402082253
20-40,1484,0.3,0.4255402280040916,0.3830658652275677,0.41890514281058466,0.9973045822102425,0.2997648603736912,0.28274333477020264,0.2943051765489113,0.5744597703559471,0.2997648599868438,0.517114668650085
40-60,1484,0.5,0.568295560946691,0.5774458631856105,0.5729690545278882,0.9959568733153639,0.3175031460434781,0.297353059053421,0.3110445971361069,0.43170443994461194,0.31750314627960574,0.3629927646662402
60-80,1484,0.7,0.6788535999778041,0.7460843228433676,0.692288131726153,0.9818059299191375,0.3028111893674123,0.28832122683525085,0.29589691402674256,0.32114639893679187,0.30281118940147406,0.26328467737238126
80-100,1484,0.9,0.8014809186302733,0.8945036496453668,0.8249456397121441,0.956199460916442,0.26394470180163565,0.2510632574558258,0.2598140054652768,0.19851908188124082,0.26394470090419025,0.18106351626535672
