{
  "n_vectors_used": 10388,
  "gini_indegree": 0.25847296068872383,
  "frac_mass_top1pct": 0.03603195995379284,
  "avg_indegree": 10.0,
  "max_indegree": 66.0
}