nDCG@1,nDCG@1_std,nDCG@1_stderr,nDCG@1_ci90_low,nDCG@1_ci90_high,nDCG@1_ci95_low,nDCG@1_ci95_high,nDCG@3,nDCG@3_std,nDCG@3_stderr,nDCG@3_ci90_low,nDCG@3_ci90_high,nDCG@3_ci95_low,nDCG@3_ci95_high,nDCG@5,nDCG@5_std,nDCG@5_stderr,nDCG@5_ci90_low,nDCG@5_ci90_high,nDCG@5_ci95_low,nDCG@5_ci95_high,nDCG@10,nDCG@10_std,nDCG@10_stderr,nDCG@10_ci90_low,nDCG@10_ci90_high,nDCG@10_ci95_low,nDCG@10_ci95_high,nDCG@100,nDCG@100_std,nDCG@100_stderr,nDCG@100_ci90_low,nDCG@100_ci90_high,nDCG@100_ci95_low,nDCG@100_ci95_high,RR@1,RR@3,RR@5,RR@10,RR@100,P@1,P@3,P@5,P@10,P@100,R@1,R@3,R@5,R@10,R@100,AP
72.77628032345014,44.526138648797506,1.1558409684384412,70.87390275140766,74.67865789549262,70.50902323574898,75.04353741115129,81.36194703791048,33.29801430130406,0.8643733830293804,79.93929064949128,82.78460342632968,79.6664225387735,83.05747153704746,83.11107321143497,30.112724412860203,0.7816873774348767,81.82450821176216,84.39763821110778,81.57774267959707,84.64440374327287,84.39253733666433,27.316632267518067,0.7091044418561443,83.2254352670385,85.55963940629016,83.00158294447769,85.78349172885098,85.23490452112574,25.118540365622017,0.6520448191333273,84.16171584400038,86.3080931982511,83.95587628277204,86.51393275947945,72.7088948787062,79.73944294699015,80.63230008984736,81.10923929320163,81.27171363469868,72.77628032345014,30.68283917340472,19.380053908355332,10.12129380053883,1.0552560646900082,70.57502246181492,87.53930817610063,91.69474393530997,95.51886792452831,99.19137466307278,80.71566756923147
