nDCG@1,nDCG@1_std,nDCG@1_stderr,nDCG@1_ci90_low,nDCG@1_ci90_high,nDCG@1_ci95_low,nDCG@1_ci95_high,nDCG@3,nDCG@3_std,nDCG@3_stderr,nDCG@3_ci90_low,nDCG@3_ci90_high,nDCG@3_ci95_low,nDCG@3_ci95_high,nDCG@5,nDCG@5_std,nDCG@5_stderr,nDCG@5_ci90_low,nDCG@5_ci90_high,nDCG@5_ci95_low,nDCG@5_ci95_high,nDCG@10,nDCG@10_std,nDCG@10_stderr,nDCG@10_ci90_low,nDCG@10_ci90_high,nDCG@10_ci95_low,nDCG@10_ci95_high,nDCG@100,nDCG@100_std,nDCG@100_stderr,nDCG@100_ci90_low,nDCG@100_ci90_high,nDCG@100_ci95_low,nDCG@100_ci95_high,RR@1,RR@3,RR@5,RR@10,RR@100,P@1,P@3,P@5,P@10,P@100,R@1,R@3,R@5,R@10,R@100,AP
53.23450134770889,49.9120899031183,1.2956532967173162,51.10200921416916,55.36699348124863,50.69299330257149,55.7760093928463,61.97728713444529,44.01047590973066,1.1424550306994465,60.09694123322153,63.85763303566905,59.73628743252902,64.21828683636157,64.60080003197464,41.52681402384396,1.0779823805534305,62.826568489903266,66.37503157404602,62.48626761837738,66.7153324455719,67.00505234533331,38.73285928618614,1.0054549293136226,65.35019241264729,68.65991227801933,65.0327872352549,68.97731745541172,69.91225258223854,34.32648237447542,0.8910710839703648,68.44565493469972,71.37885022977736,68.16435880970096,71.66014635477612,53.16711590296496,60.38858939802343,61.79357592093451,62.7359292773714,63.32250743250349,53.23450134770889,23.854447439352917,15.687331536387855,8.632075471697934,1.0094339622641328,51.60601976639712,68.2726864330638,74.59568733153638,81.82839173405212,95.01909254267744,62.63832024271174
