nDCG@1,nDCG@1_std,nDCG@1_stderr,nDCG@1_ci90_low,nDCG@1_ci90_high,nDCG@1_ci95_low,nDCG@1_ci95_high,nDCG@3,nDCG@3_std,nDCG@3_stderr,nDCG@3_ci90_low,nDCG@3_ci90_high,nDCG@3_ci95_low,nDCG@3_ci95_high,nDCG@5,nDCG@5_std,nDCG@5_stderr,nDCG@5_ci90_low,nDCG@5_ci90_high,nDCG@5_ci95_low,nDCG@5_ci95_high,nDCG@10,nDCG@10_std,nDCG@10_stderr,nDCG@10_ci90_low,nDCG@10_ci90_high,nDCG@10_ci95_low,nDCG@10_ci95_high,nDCG@100,nDCG@100_std,nDCG@100_stderr,nDCG@100_ci90_low,nDCG@100_ci90_high,nDCG@100_ci95_low,nDCG@100_ci95_high,RR@1,RR@3,RR@5,RR@10,RR@100,P@1,P@3,P@5,P@10,P@100,R@1,R@3,R@5,R@10,R@100,AP
58.42318059299192,49.30200765272218,1.2798163505880564,56.31675420028386,60.52960698569998,55.9127377456971,60.93362344028674,67.6506968112636,41.725121986725306,1.083130198774852,65.86799256905718,69.43340105347002,65.52606661806914,69.77532700445806,70.33405794208485,38.722884272952406,1.005195990871931,68.679624191458,71.9884916927117,68.36230075656808,72.30581512760163,72.14965181933417,36.189822221982496,0.9394409763353898,70.60344304802489,73.69586059064345,70.30687736312943,73.9924262755389,74.44157328579813,32.17027785100074,0.8350988034135008,73.06709939411762,75.81604717747864,72.80347277485326,76.079673796743,58.288409703504044,65.81311769991024,67.22147349505855,67.94014461130375,68.41148799622088,58.42318059299192,26.01078167115873,17.048517520215288,9.117250673854246,1.0269541778975557,56.693620844564244,74.53953279424977,80.9467654986523,86.39375561545374,96.6363432165319,67.80224406328306
