nDCG@1,nDCG@1_std,nDCG@1_stderr,nDCG@1_ci90_low,nDCG@1_ci90_high,nDCG@1_ci95_low,nDCG@1_ci95_high,nDCG@3,nDCG@3_std,nDCG@3_stderr,nDCG@3_ci90_low,nDCG@3_ci90_high,nDCG@3_ci95_low,nDCG@3_ci95_high,nDCG@5,nDCG@5_std,nDCG@5_stderr,nDCG@5_ci90_low,nDCG@5_ci90_high,nDCG@5_ci95_low,nDCG@5_ci95_high,nDCG@10,nDCG@10_std,nDCG@10_stderr,nDCG@10_ci90_low,nDCG@10_ci90_high,nDCG@10_ci95_low,nDCG@10_ci95_high,nDCG@100,nDCG@100_std,nDCG@100_stderr,nDCG@100_ci90_low,nDCG@100_ci90_high,nDCG@100_ci95_low,nDCG@100_ci95_high,RR@1,RR@3,RR@5,RR@10,RR@100,P@1,P@3,P@5,P@10,P@100,R@1,R@3,R@5,R@10,R@100,AP
71.49595687331536,45.15858753489182,1.1722585235010292,69.56655794678582,73.42535579984491,69.19649568566032,73.7954180609704,79.9257222497653,34.627281018278076,0.8988794277052694,78.44627299166612,81.40517150786448,78.16251190413541,81.68893259539519,81.62319169882237,31.77660306856665,0.8248795152473418,80.26553754717565,82.98084585046908,80.00513698497127,83.24124641267346,83.17026019156152,28.663111474246346,0.7440573005031196,81.9456298492888,84.39489053383424,81.71074349827403,84.62977688484902,84.1886135807733,26.13345447589264,0.6783906767283406,83.07206273707526,85.30516442447136,82.85790623258103,85.51932092896558,71.42857142857143,78.42542677448343,79.3115453728662,79.88793158772948,80.0761033512089,71.49595687331536,30.076370170709314,18.989218328840533,10.01347708894854,1.0539083557951294,69.29469901168015,85.95013477088949,89.93149146451034,94.50808625336927,99.05660377358491,79.45864076508441
