{
  "nDCG@1": 71.49595687331536,
  "nDCG@1_std": 45.15858753489182,
  "nDCG@1_stderr": 1.1722585235010292,
  "nDCG@1_ci90_low": 69.56655794678582,
  "nDCG@1_ci90_high": 73.42535579984491,
  "nDCG@1_ci95_low": 69.19649568566032,
  "nDCG@1_ci95_high": 73.7954180609704,
  "nDCG@3": 79.9257222497653,
  "nDCG@3_std": 34.627281018278076,
  "nDCG@3_stderr": 0.8988794277052694,
  "nDCG@3_ci90_low": 78.44627299166612,
  "nDCG@3_ci90_high": 81.40517150786448,
  "nDCG@3_ci95_low": 78.16251190413541,
  "nDCG@3_ci95_high": 81.68893259539519,
  "nDCG@5": 81.62319169882237,
  "nDCG@5_std": 31.77660306856665,
  "nDCG@5_stderr": 0.8248795152473418,
  "nDCG@5_ci90_low": 80.26553754717565,
  "nDCG@5_ci90_high": 82.98084585046908,
  "nDCG@5_ci95_low": 80.00513698497127,
  "nDCG@5_ci95_high": 83.24124641267346,
  "nDCG@10": 83.17026019156152,
  "nDCG@10_std": 28.663111474246346,
  "nDCG@10_stderr": 0.7440573005031196,
  "nDCG@10_ci90_low": 81.9456298492888,
  "nDCG@10_ci90_high": 84.39489053383424,
  "nDCG@10_ci95_low": 81.71074349827403,
  "nDCG@10_ci95_high": 84.62977688484902,
  "nDCG@100": 84.1886135807733,
  "nDCG@100_std": 26.13345447589264,
  "nDCG@100_stderr": 0.6783906767283406,
  "nDCG@100_ci90_low": 83.07206273707526,
  "nDCG@100_ci90_high": 85.30516442447136,
  "nDCG@100_ci95_low": 82.85790623258103,
  "nDCG@100_ci95_high": 85.51932092896558,
  "RR@1": 71.42857142857143,
  "RR@3": 78.42542677448343,
  "RR@5": 79.3115453728662,
  "RR@10": 79.88793158772948,
  "RR@100": 80.0761033512089,
  "P@1": 71.49595687331536,
  "P@3": 30.076370170709314,
  "P@5": 18.989218328840533,
  "P@10": 10.01347708894854,
  "P@100": 1.0539083557951294,
  "R@1": 69.29469901168015,
  "R@3": 85.95013477088949,
  "R@5": 89.93149146451034,
  "R@10": 94.50808625336927,
  "R@100": 99.05660377358491,
  "AP": 79.45864076508441
}