{
  "nDCG@1": 66.98113207547169,
  "nDCG@1_std": 47.04394203934827,
  "nDCG@1_stderr": 1.2211998878863188,
  "nDCG@1_ci90_low": 64.9711814497949,
  "nDCG@1_ci90_high": 68.99108270114849,
  "nDCG@1_ci95_low": 64.58566922468628,
  "nDCG@1_ci95_high": 69.3765949262571,
  "nDCG@3": 76.34957652334565,
  "nDCG@3_std": 36.946664993795224,
  "nDCG@3_stderr": 0.9590876357780066,
  "nDCG@3_ci90_low": 74.77103167353614,
  "nDCG@3_ci90_high": 77.92812137315515,
  "nDCG@3_ci95_low": 74.46826386933753,
  "nDCG@3_ci95_high": 78.23088917735376,
  "nDCG@5": 78.13019988519667,
  "nDCG@5_std": 34.30410812940532,
  "nDCG@5_stderr": 0.8904902775075839,
  "nDCG@5_ci90_low": 76.66455817642337,
  "nDCG@5_ci90_high": 79.59584159396998,
  "nDCG@5_ci95_low": 76.38344540223723,
  "nDCG@5_ci95_high": 79.87695436815612,
  "nDCG@10": 79.68659832325142,
  "nDCG@10_std": 31.497082322287124,
  "nDCG@10_stderr": 0.8176235182109338,
  "nDCG@10_ci90_low": 78.34088668480659,
  "nDCG@10_ci90_high": 81.03230996169624,
  "nDCG@10_ci95_low": 78.08277671858953,
  "nDCG@10_ci95_high": 81.2904199279133,
  "nDCG@100": 81.16424655141864,
  "nDCG@100_std": 28.290021740839762,
  "nDCG@100_stderr": 0.7343723735846531,
  "nDCG@100_ci90_low": 79.95555645374674,
  "nDCG@100_ci90_high": 82.37293664909055,
  "nDCG@100_ci95_low": 79.72372747095103,
  "nDCG@100_ci95_high": 82.60476563188625,
  "RR@1": 66.98113207547169,
  "RR@3": 74.6293800539084,
  "RR@5": 75.56603773584914,
  "RR@10": 76.1683887391435,
  "RR@100": 76.46515773795845,
  "P@1": 66.98113207547169,
  "P@3": 29.020664869721045,
  "P@5": 18.409703504042714,
  "P@10": 9.72371967654963,
  "P@100": 1.0458221024258574,
  "R@1": 65.04941599281221,
  "R@3": 83.01886792452831,
  "R@5": 87.20238095238096,
  "R@10": 91.87443845462712,
  "R@100": 98.28167115902964,
  "AP": 75.80253519948063
}