{
  "nDCG@1": 73.98921832884096,
  "nDCG@1_std": 43.88411014315795,
  "nDCG@1_stderr": 1.1391747388429054,
  "nDCG@1_ci90_low": 72.1142714001645,
  "nDCG@1_ci90_high": 75.86416525751743,
  "nDCG@1_ci95_low": 71.75465313233205,
  "nDCG@1_ci95_high": 76.22378352534987,
  "nDCG@3": 81.98342725732101,
  "nDCG@3_std": 33.0778480862298,
  "nDCG@3_stderr": 0.8586581528528753,
  "nDCG@3_ci90_low": 80.57017746202642,
  "nDCG@3_ci90_high": 83.3966770526156,
  "nDCG@3_ci95_low": 80.29911355316305,
  "nDCG@3_ci95_high": 83.66774096147897,
  "nDCG@5": 83.80706488982229,
  "nDCG@5_std": 29.686978487082232,
  "nDCG@5_stderr": 0.7706355638688867,
  "nDCG@5_ci90_low": 82.53868986855693,
  "nDCG@5_ci90_high": 85.07543991108764,
  "nDCG@5_ci95_low": 82.29541320769093,
  "nDCG@5_ci95_high": 85.31871657195364,
  "nDCG@10": 85.10505822294007,
  "nDCG@10_std": 26.78244823150331,
  "nDCG@10_stderr": 0.6952377152041506,
  "nDCG@10_ci90_low": 83.9607791458372,
  "nDCG@10_ci90_high": 86.24933730004295,
  "nDCG@10_ci95_low": 83.7413043152002,
  "nDCG@10_ci95_high": 86.46881213067995,
  "nDCG@100": 85.85569571387144,
  "nDCG@100_std": 24.79208800721704,
  "nDCG@100_stderr": 0.6435705381483084,
  "nDCG@100_ci90_low": 84.79645470128239,
  "nDCG@100_ci90_high": 86.9149367264605,
  "nDCG@100_ci95_low": 84.59329032775355,
  "nDCG@100_ci95_high": 87.11810109998933,
  "RR@1": 73.92183288409704,
  "RR@3": 80.57053009883204,
  "RR@5": 81.51055705300998,
  "RR@10": 81.98583836050149,
  "RR@100": 82.12514803458886,
  "P@1": 73.98921832884096,
  "P@3": 30.750224618148653,
  "P@5": 19.433962264150477,
  "P@10": 10.154986522910797,
  "P@100": 1.0545822102425688,
  "R@1": 71.72057502246183,
  "R@3": 87.69654088050314,
  "R@5": 91.99797843665768,
  "R@10": 95.88948787061994,
  "R@100": 99.12398921832884,
  "AP": 81.53453263669141
}