nDCG@1,nDCG@1_std,nDCG@1_stderr,nDCG@1_ci90_low,nDCG@1_ci90_high,nDCG@1_ci95_low,nDCG@1_ci95_high,nDCG@3,nDCG@3_std,nDCG@3_stderr,nDCG@3_ci90_low,nDCG@3_ci90_high,nDCG@3_ci95_low,nDCG@3_ci95_high,nDCG@5,nDCG@5_std,nDCG@5_stderr,nDCG@5_ci90_low,nDCG@5_ci90_high,nDCG@5_ci95_low,nDCG@5_ci95_high,nDCG@10,nDCG@10_std,nDCG@10_stderr,nDCG@10_ci90_low,nDCG@10_ci90_high,nDCG@10_ci95_low,nDCG@10_ci95_high,nDCG@100,nDCG@100_std,nDCG@100_stderr,nDCG@100_ci90_low,nDCG@100_ci90_high,nDCG@100_ci95_low,nDCG@100_ci95_high,RR@1,RR@3,RR@5,RR@10,RR@100,P@1,P@3,P@5,P@10,P@100,R@1,R@3,R@5,R@10,R@100,AP
66.98113207547169,47.04394203934827,1.2211998878863188,64.9711814497949,68.99108270114849,64.58566922468628,69.3765949262571,76.34957652334565,36.946664993795224,0.9590876357780066,74.77103167353614,77.92812137315515,74.46826386933753,78.23088917735376,78.13019988519667,34.30410812940532,0.8904902775075839,76.66455817642337,79.59584159396998,76.38344540223723,79.87695436815612,79.68659832325142,31.497082322287124,0.8176235182109338,78.34088668480659,81.03230996169624,78.08277671858953,81.2904199279133,81.16424655141864,28.290021740839762,0.7343723735846531,79.95555645374674,82.37293664909055,79.72372747095103,82.60476563188625,66.98113207547169,74.6293800539084,75.56603773584914,76.1683887391435,76.46515773795845,66.98113207547169,29.020664869721045,18.409703504042714,9.72371967654963,1.0458221024258574,65.04941599281221,83.01886792452831,87.20238095238096,91.87443845462712,98.28167115902964,75.80253519948063
