{
  "nDCG@1": 72.77628032345014,
  "nDCG@1_std": 44.526138648797506,
  "nDCG@1_stderr": 1.1558409684384412,
  "nDCG@1_ci90_low": 70.87390275140766,
  "nDCG@1_ci90_high": 74.67865789549262,
  "nDCG@1_ci95_low": 70.50902323574898,
  "nDCG@1_ci95_high": 75.04353741115129,
  "nDCG@3": 81.36194703791048,
  "nDCG@3_std": 33.29801430130406,
  "nDCG@3_stderr": 0.8643733830293804,
  "nDCG@3_ci90_low": 79.93929064949128,
  "nDCG@3_ci90_high": 82.78460342632968,
  "nDCG@3_ci95_low": 79.6664225387735,
  "nDCG@3_ci95_high": 83.05747153704746,
  "nDCG@5": 83.11107321143497,
  "nDCG@5_std": 30.112724412860203,
  "nDCG@5_stderr": 0.7816873774348767,
  "nDCG@5_ci90_low": 81.82450821176216,
  "nDCG@5_ci90_high": 84.39763821110778,
  "nDCG@5_ci95_low": 81.57774267959707,
  "nDCG@5_ci95_high": 84.64440374327287,
  "nDCG@10": 84.39253733666433,
  "nDCG@10_std": 27.316632267518067,
  "nDCG@10_stderr": 0.7091044418561443,
  "nDCG@10_ci90_low": 83.2254352670385,
  "nDCG@10_ci90_high": 85.55963940629016,
  "nDCG@10_ci95_low": 83.00158294447769,
  "nDCG@10_ci95_high": 85.78349172885098,
  "nDCG@100": 85.23490452112574,
  "nDCG@100_std": 25.118540365622017,
  "nDCG@100_stderr": 0.6520448191333273,
  "nDCG@100_ci90_low": 84.16171584400038,
  "nDCG@100_ci90_high": 86.3080931982511,
  "nDCG@100_ci95_low": 83.95587628277204,
  "nDCG@100_ci95_high": 86.51393275947945,
  "RR@1": 72.7088948787062,
  "RR@3": 79.73944294699015,
  "RR@5": 80.63230008984736,
  "RR@10": 81.10923929320163,
  "RR@100": 81.27171363469868,
  "P@1": 72.77628032345014,
  "P@3": 30.68283917340472,
  "P@5": 19.380053908355332,
  "P@10": 10.12129380053883,
  "P@100": 1.0552560646900082,
  "R@1": 70.57502246181492,
  "R@3": 87.53930817610063,
  "R@5": 91.69474393530997,
  "R@10": 95.51886792452831,
  "R@100": 99.19137466307278,
  "AP": 80.71566756923147
}