{
  "nDCG@1": 53.23450134770889,
  "nDCG@1_std": 49.9120899031183,
  "nDCG@1_stderr": 1.2956532967173162,
  "nDCG@1_ci90_low": 51.10200921416916,
  "nDCG@1_ci90_high": 55.36699348124863,
  "nDCG@1_ci95_low": 50.69299330257149,
  "nDCG@1_ci95_high": 55.7760093928463,
  "nDCG@3": 61.97728713444529,
  "nDCG@3_std": 44.01047590973066,
  "nDCG@3_stderr": 1.1424550306994465,
  "nDCG@3_ci90_low": 60.09694123322153,
  "nDCG@3_ci90_high": 63.85763303566905,
  "nDCG@3_ci95_low": 59.73628743252902,
  "nDCG@3_ci95_high": 64.21828683636157,
  "nDCG@5": 64.60080003197464,
  "nDCG@5_std": 41.52681402384396,
  "nDCG@5_stderr": 1.0779823805534305,
  "nDCG@5_ci90_low": 62.826568489903266,
  "nDCG@5_ci90_high": 66.37503157404602,
  "nDCG@5_ci95_low": 62.48626761837738,
  "nDCG@5_ci95_high": 66.7153324455719,
  "nDCG@10": 67.00505234533331,
  "nDCG@10_std": 38.73285928618614,
  "nDCG@10_stderr": 1.0054549293136226,
  "nDCG@10_ci90_low": 65.35019241264729,
  "nDCG@10_ci90_high": 68.65991227801933,
  "nDCG@10_ci95_low": 65.0327872352549,
  "nDCG@10_ci95_high": 68.97731745541172,
  "nDCG@100": 69.91225258223854,
  "nDCG@100_std": 34.32648237447542,
  "nDCG@100_stderr": 0.8910710839703648,
  "nDCG@100_ci90_low": 68.44565493469972,
  "nDCG@100_ci90_high": 71.37885022977736,
  "nDCG@100_ci95_low": 68.16435880970096,
  "nDCG@100_ci95_high": 71.66014635477612,
  "RR@1": 53.16711590296496,
  "RR@3": 60.38858939802343,
  "RR@5": 61.79357592093451,
  "RR@10": 62.7359292773714,
  "RR@100": 63.32250743250349,
  "P@1": 53.23450134770889,
  "P@3": 23.854447439352917,
  "P@5": 15.687331536387855,
  "P@10": 8.632075471697934,
  "P@100": 1.0094339622641328,
  "R@1": 51.60601976639712,
  "R@3": 68.2726864330638,
  "R@5": 74.59568733153638,
  "R@10": 81.82839173405212,
  "R@100": 95.01909254267744,
  "AP": 62.63832024271174
}