nDCG@1,nDCG@1_std,nDCG@1_stderr,nDCG@1_ci90_low,nDCG@1_ci90_high,nDCG@1_ci95_low,nDCG@1_ci95_high,nDCG@3,nDCG@3_std,nDCG@3_stderr,nDCG@3_ci90_low,nDCG@3_ci90_high,nDCG@3_ci95_low,nDCG@3_ci95_high,nDCG@5,nDCG@5_std,nDCG@5_stderr,nDCG@5_ci90_low,nDCG@5_ci90_high,nDCG@5_ci95_low,nDCG@5_ci95_high,nDCG@10,nDCG@10_std,nDCG@10_stderr,nDCG@10_ci90_low,nDCG@10_ci90_high,nDCG@10_ci95_low,nDCG@10_ci95_high,nDCG@100,nDCG@100_std,nDCG@100_stderr,nDCG@100_ci90_low,nDCG@100_ci90_high,nDCG@100_ci95_low,nDCG@100_ci95_high,RR@1,RR@3,RR@5,RR@10,RR@100,P@1,P@3,P@5,P@10,P@100,R@1,R@3,R@5,R@10,R@100,AP
73.98921832884096,43.88411014315795,1.1391747388429054,72.1142714001645,75.86416525751743,71.75465313233205,76.22378352534987,81.98342725732101,33.0778480862298,0.8586581528528753,80.57017746202642,83.3966770526156,80.29911355316305,83.66774096147897,83.80706488982229,29.686978487082232,0.7706355638688867,82.53868986855693,85.07543991108764,82.29541320769093,85.31871657195364,85.10505822294007,26.78244823150331,0.6952377152041506,83.9607791458372,86.24933730004295,83.7413043152002,86.46881213067995,85.85569571387144,24.79208800721704,0.6435705381483084,84.79645470128239,86.9149367264605,84.59329032775355,87.11810109998933,73.92183288409704,80.57053009883204,81.51055705300998,81.98583836050149,82.12514803458886,73.98921832884096,30.750224618148653,19.433962264150477,10.154986522910797,1.0545822102425688,71.72057502246183,87.69654088050314,91.99797843665768,95.88948787061994,99.12398921832884,81.53453263669141
