{
  "nDCG@1": 58.42318059299192,
  "nDCG@1_std": 49.30200765272218,
  "nDCG@1_stderr": 1.2798163505880564,
  "nDCG@1_ci90_low": 56.31675420028386,
  "nDCG@1_ci90_high": 60.52960698569998,
  "nDCG@1_ci95_low": 55.9127377456971,
  "nDCG@1_ci95_high": 60.93362344028674,
  "nDCG@3": 67.6506968112636,
  "nDCG@3_std": 41.725121986725306,
  "nDCG@3_stderr": 1.083130198774852,
  "nDCG@3_ci90_low": 65.86799256905718,
  "nDCG@3_ci90_high": 69.43340105347002,
  "nDCG@3_ci95_low": 65.52606661806914,
  "nDCG@3_ci95_high": 69.77532700445806,
  "nDCG@5": 70.33405794208485,
  "nDCG@5_std": 38.722884272952406,
  "nDCG@5_stderr": 1.005195990871931,
  "nDCG@5_ci90_low": 68.679624191458,
  "nDCG@5_ci90_high": 71.9884916927117,
  "nDCG@5_ci95_low": 68.36230075656808,
  "nDCG@5_ci95_high": 72.30581512760163,
  "nDCG@10": 72.14965181933417,
  "nDCG@10_std": 36.189822221982496,
  "nDCG@10_stderr": 0.9394409763353898,
  "nDCG@10_ci90_low": 70.60344304802489,
  "nDCG@10_ci90_high": 73.69586059064345,
  "nDCG@10_ci95_low": 70.30687736312943,
  "nDCG@10_ci95_high": 73.9924262755389,
  "nDCG@100": 74.44157328579813,
  "nDCG@100_std": 32.17027785100074,
  "nDCG@100_stderr": 0.8350988034135008,
  "nDCG@100_ci90_low": 73.06709939411762,
  "nDCG@100_ci90_high": 75.81604717747864,
  "nDCG@100_ci95_low": 72.80347277485326,
  "nDCG@100_ci95_high": 76.079673796743,
  "RR@1": 58.288409703504044,
  "RR@3": 65.81311769991024,
  "RR@5": 67.22147349505855,
  "RR@10": 67.94014461130375,
  "RR@100": 68.41148799622088,
  "P@1": 58.42318059299192,
  "P@3": 26.01078167115873,
  "P@5": 17.048517520215288,
  "P@10": 9.117250673854246,
  "P@100": 1.0269541778975557,
  "R@1": 56.693620844564244,
  "R@3": 74.53953279424977,
  "R@5": 80.9467654986523,
  "R@10": 86.39375561545374,
  "R@100": 96.6363432165319,
  "AP": 67.80224406328306
}