nDCG@1,nDCG@1_std,nDCG@1_stderr,nDCG@1_ci90_low,nDCG@1_ci90_high,nDCG@1_ci95_low,nDCG@1_ci95_high,nDCG@3,nDCG@3_std,nDCG@3_stderr,nDCG@3_ci90_low,nDCG@3_ci90_high,nDCG@3_ci95_low,nDCG@3_ci95_high,nDCG@5,nDCG@5_std,nDCG@5_stderr,nDCG@5_ci90_low,nDCG@5_ci90_high,nDCG@5_ci95_low,nDCG@5_ci95_high,nDCG@10,nDCG@10_std,nDCG@10_stderr,nDCG@10_ci90_low,nDCG@10_ci90_high,nDCG@10_ci95_low,nDCG@10_ci95_high,nDCG@100,nDCG@100_std,nDCG@100_stderr,nDCG@100_ci90_low,nDCG@100_ci90_high,nDCG@100_ci95_low,nDCG@100_ci95_high,RR@1,RR@3,RR@5,RR@10,RR@100,P@1,P@3,P@5,P@10,P@100,R@1,R@3,R@5,R@10,R@100,AP
73.92183288409704,43.92090399299716,1.1401298595949243,72.0453139395924,75.79835182860168,71.68539415623412,76.15827161195996,81.7934331663807,33.378440391133,0.8664611402968323,80.36734057634733,83.21952575641406,80.09381339584282,83.49305293691857,83.65770814273087,29.96063984348205,0.7777394587226545,82.37764095047228,84.93777533498945,82.13212170971484,85.1832945757469,85.04050233796868,26.835413505859997,0.6966126252202405,83.89396032154318,86.18704435439417,83.67405145498388,86.40695322095347,85.80122836692988,24.845513198430442,0.6449573870111343,84.73970476508806,86.86275196877169,84.53610258674424,87.06635414711552,73.92183288409704,80.45822102425878,81.42857142857149,81.9485624438455,82.09135781967824,73.92183288409704,30.615453728660786,19.393530997304122,10.1482479784364,1.0545822102425688,71.68688230008986,87.3539982030548,91.72843665768194,95.88948787061994,99.12398921832884,81.46313945454237
