nDCG@1,nDCG@1_std,nDCG@1_stderr,nDCG@1_ci90_low,nDCG@1_ci90_high,nDCG@1_ci95_low,nDCG@1_ci95_high,nDCG@3,nDCG@3_std,nDCG@3_stderr,nDCG@3_ci90_low,nDCG@3_ci90_high,nDCG@3_ci95_low,nDCG@3_ci95_high,nDCG@5,nDCG@5_std,nDCG@5_stderr,nDCG@5_ci90_low,nDCG@5_ci90_high,nDCG@5_ci95_low,nDCG@5_ci95_high,nDCG@10,nDCG@10_std,nDCG@10_stderr,nDCG@10_ci90_low,nDCG@10_ci90_high,nDCG@10_ci95_low,nDCG@10_ci95_high,nDCG@100,nDCG@100_std,nDCG@100_stderr,nDCG@100_ci90_low,nDCG@100_ci90_high,nDCG@100_ci95_low,nDCG@100_ci95_high,RR@1,RR@3,RR@5,RR@10,RR@100,P@1,P@3,P@5,P@10,P@100,R@1,R@3,R@5,R@10,R@100,AP
72.16981132075472,44.83139318528961,1.1637649813842346,70.25439176030702,74.08523088120242,69.88701076729576,74.45261187421367,80.47607672156968,34.311587099668046,0.8906844219021737,79.01011547407774,81.94203796906163,78.72894141177791,82.22321203136146,82.3658525618112,31.001490626030517,0.8047585987830562,81.04131505964811,83.69039006397428,80.78726633169651,83.94443879192588,83.8072893965438,27.95850820881998,0.7257667110788041,82.61276320185745,85.00181559123014,82.38365088169337,85.23092791139422,84.73824872623824,25.577888485571453,0.6639689021983446,83.6454344182437,85.83106303423278,83.43583062493478,86.0406668275417,72.16981132075472,78.99820305480686,79.97192273135677,80.51956317118048,80.7046834874155,72.16981132075472,30.278526504941123,19.191374663072324,10.087601078166864,1.0552560646900082,69.9685534591195,86.36567834681041,90.86365678346809,95.18194070080862,99.19137466307278,80.10101155933945
