nDCG@1,nDCG@1_std,nDCG@1_stderr,nDCG@1_ci90_low,nDCG@1_ci90_high,nDCG@1_ci95_low,nDCG@1_ci95_high,nDCG@3,nDCG@3_std,nDCG@3_stderr,nDCG@3_ci90_low,nDCG@3_ci90_high,nDCG@3_ci95_low,nDCG@3_ci95_high,nDCG@5,nDCG@5_std,nDCG@5_stderr,nDCG@5_ci90_low,nDCG@5_ci90_high,nDCG@5_ci95_low,nDCG@5_ci95_high,nDCG@10,nDCG@10_std,nDCG@10_stderr,nDCG@10_ci90_low,nDCG@10_ci90_high,nDCG@10_ci95_low,nDCG@10_ci95_high,nDCG@100,nDCG@100_std,nDCG@100_stderr,nDCG@100_ci90_low,nDCG@100_ci90_high,nDCG@100_ci95_low,nDCG@100_ci95_high,RR@1,RR@3,RR@5,RR@10,RR@100,P@1,P@3,P@5,P@10,P@100,R@1,R@3,R@5,R@10,R@100,AP
66.84636118598382,47.09240403828907,1.2224578986972272,64.83434002325443,68.85838234871322,64.44843066533265,69.244291706635,75.67488413501403,37.77985615169505,0.98071620057311,74.06074122482667,77.28902704520138,73.75114564720393,77.59862262282412,78.16886449952966,34.11164831371383,0.8854942696231152,76.71144562902623,79.6262833700331,76.43191001033715,79.90581898872217,79.7680754661228,31.17445498689906,0.8092485298760825,78.43614806825205,81.10000286399354,78.18068194471812,81.35546898752747,81.04654049819356,28.344715731543307,0.7357921588411556,79.83551360185918,82.25756739452795,79.60323641678403,82.4898445796031,66.84636118598382,74.09029649595692,75.40094339622651,76.0016899841698,76.25532965069468,66.84636118598382,28.68373764600138,18.571428571428143,9.818059299191138,1.045148247978418,64.91464510332435,81.83962264150944,87.76392632524707,92.56513926325246,98.29290206648696,75.67321295650554
