{
  "nDCG@1": 65.90296495956873,
  "nDCG@1_std": 47.41952068482496,
  "nDCG@1_stderr": 1.2309494237429228,
  "nDCG@1_ci90_low": 63.87696775061804,
  "nDCG@1_ci90_high": 67.92896216851943,
  "nDCG@1_ci95_low": 63.488377761337375,
  "nDCG@1_ci95_high": 68.3175521578001,
  "nDCG@3": 74.71338818145809,
  "nDCG@3_std": 38.472822718934076,
  "nDCG@3_stderr": 0.9987047163635906,
  "nDCG@3_ci90_low": 73.06963830116966,
  "nDCG@3_ci90_high": 76.35713806174651,
  "nDCG@3_ci95_low": 72.75436405225193,
  "nDCG@3_ci95_high": 76.67241231066424,
  "nDCG@5": 77.03403756910657,
  "nDCG@5_std": 35.21509082471825,
  "nDCG@5_stderr": 0.9141382099970004,
  "nDCG@5_ci90_low": 75.52947415949252,
  "nDCG@5_ci90_high": 78.53860097872062,
  "nDCG@5_ci95_low": 75.24089613153126,
  "nDCG@5_ci95_high": 78.82717900668189,
  "nDCG@10": 78.82121008329563,
  "nDCG@10_std": 32.09206892490026,
  "nDCG@10_stderr": 0.8330686008487215,
  "nDCG@10_ci90_low": 77.45007766499371,
  "nDCG@10_ci90_high": 80.19234250159754,
  "nDCG@10_ci95_low": 77.18709194646637,
  "nDCG@10_ci95_high": 80.45532822012488,
  "nDCG@100": 80.21409385883416,
  "nDCG@100_std": 29.11278267955792,
  "nDCG@100_stderr": 0.755730183380428,
  "nDCG@100_ci90_low": 78.97025133150031,
  "nDCG@100_ci90_high": 81.45793638616802,
  "nDCG@100_ci95_low": 78.73168004807104,
  "nDCG@100_ci95_high": 81.69650766959728,
  "RR@1": 65.90296495956873,
  "RR@3": 73.12443845462721,
  "RR@5": 74.35085354896684,
  "RR@10": 75.03920121507726,
  "RR@100": 75.31226981658065,
  "P@1": 65.90296495956873,
  "P@3": 28.32434860736709,
  "P@5": 18.24797843665727,
  "P@10": 9.71698113207524,
  "P@100": 1.0411051212937819,
  "R@1": 64.03863432165319,
  "R@3": 80.81199460916442,
  "R@5": 86.29829290206648,
  "R@10": 91.62174303683737,
  "R@100": 97.92228212039532,
  "AP": 74.7567115181472
}