{
  "nDCG@1": 66.84636118598382,
  "nDCG@1_std": 47.09240403828907,
  "nDCG@1_stderr": 1.2224578986972272,
  "nDCG@1_ci90_low": 64.83434002325443,
  "nDCG@1_ci90_high": 68.85838234871322,
  "nDCG@1_ci95_low": 64.44843066533265,
  "nDCG@1_ci95_high": 69.244291706635,
  "nDCG@3": 75.67488413501403,
  "nDCG@3_std": 37.77985615169505,
  "nDCG@3_stderr": 0.98071620057311,
  "nDCG@3_ci90_low": 74.06074122482667,
  "nDCG@3_ci90_high": 77.28902704520138,
  "nDCG@3_ci95_low": 73.75114564720393,
  "nDCG@3_ci95_high": 77.59862262282412,
  "nDCG@5": 78.16886449952966,
  "nDCG@5_std": 34.11164831371383,
  "nDCG@5_stderr": 0.8854942696231152,
  "nDCG@5_ci90_low": 76.71144562902623,
  "nDCG@5_ci90_high": 79.6262833700331,
  "nDCG@5_ci95_low": 76.43191001033715,
  "nDCG@5_ci95_high": 79.90581898872217,
  "nDCG@10": 79.7680754661228,
  "nDCG@10_std": 31.17445498689906,
  "nDCG@10_stderr": 0.8092485298760825,
  "nDCG@10_ci90_low": 78.43614806825205,
  "nDCG@10_ci90_high": 81.10000286399354,
  "nDCG@10_ci95_low": 78.18068194471812,
  "nDCG@10_ci95_high": 81.35546898752747,
  "nDCG@100": 81.04654049819356,
  "nDCG@100_std": 28.344715731543307,
  "nDCG@100_stderr": 0.7357921588411556,
  "nDCG@100_ci90_low": 79.83551360185918,
  "nDCG@100_ci90_high": 82.25756739452795,
  "nDCG@100_ci95_low": 79.60323641678403,
  "nDCG@100_ci95_high": 82.4898445796031,
  "RR@1": 66.84636118598382,
  "RR@3": 74.09029649595692,
  "RR@5": 75.40094339622651,
  "RR@10": 76.0016899841698,
  "RR@100": 76.25532965069468,
  "P@1": 66.84636118598382,
  "P@3": 28.68373764600138,
  "P@5": 18.571428571428143,
  "P@10": 9.818059299191138,
  "P@100": 1.045148247978418,
  "R@1": 64.91464510332435,
  "R@3": 81.83962264150944,
  "R@5": 87.76392632524707,
  "R@10": 92.56513926325246,
  "R@100": 98.29290206648696,
  "AP": 75.67321295650554
}