{
  "nDCG@1": 72.16981132075472,
  "nDCG@1_std": 44.83139318528961,
  "nDCG@1_stderr": 1.1637649813842346,
  "nDCG@1_ci90_low": 70.25439176030702,
  "nDCG@1_ci90_high": 74.08523088120242,
  "nDCG@1_ci95_low": 69.88701076729576,
  "nDCG@1_ci95_high": 74.45261187421367,
  "nDCG@3": 80.47607672156968,
  "nDCG@3_std": 34.311587099668046,
  "nDCG@3_stderr": 0.8906844219021737,
  "nDCG@3_ci90_low": 79.01011547407774,
  "nDCG@3_ci90_high": 81.94203796906163,
  "nDCG@3_ci95_low": 78.72894141177791,
  "nDCG@3_ci95_high": 82.22321203136146,
  "nDCG@5": 82.3658525618112,
  "nDCG@5_std": 31.001490626030517,
  "nDCG@5_stderr": 0.8047585987830562,
  "nDCG@5_ci90_low": 81.04131505964811,
  "nDCG@5_ci90_high": 83.69039006397428,
  "nDCG@5_ci95_low": 80.78726633169651,
  "nDCG@5_ci95_high": 83.94443879192588,
  "nDCG@10": 83.8072893965438,
  "nDCG@10_std": 27.95850820881998,
  "nDCG@10_stderr": 0.7257667110788041,
  "nDCG@10_ci90_low": 82.61276320185745,
  "nDCG@10_ci90_high": 85.00181559123014,
  "nDCG@10_ci95_low": 82.38365088169337,
  "nDCG@10_ci95_high": 85.23092791139422,
  "nDCG@100": 84.73824872623824,
  "nDCG@100_std": 25.577888485571453,
  "nDCG@100_stderr": 0.6639689021983446,
  "nDCG@100_ci90_low": 83.6454344182437,
  "nDCG@100_ci90_high": 85.83106303423278,
  "nDCG@100_ci95_low": 83.43583062493478,
  "nDCG@100_ci95_high": 86.0406668275417,
  "RR@1": 72.16981132075472,
  "RR@3": 78.99820305480686,
  "RR@5": 79.97192273135677,
  "RR@10": 80.51956317118048,
  "RR@100": 80.7046834874155,
  "P@1": 72.16981132075472,
  "P@3": 30.278526504941123,
  "P@5": 19.191374663072324,
  "P@10": 10.087601078166864,
  "P@100": 1.0552560646900082,
  "R@1": 69.9685534591195,
  "R@3": 86.36567834681041,
  "R@5": 90.86365678346809,
  "R@10": 95.18194070080862,
  "R@100": 99.19137466307278,
  "AP": 80.10101155933945
}