{
  "nDCG@1": 68.86792452830188,
  "nDCG@1_std": 46.31897174045883,
  "nDCG@1_stderr": 1.202380596616378,
  "nDCG@1_ci90_low": 66.88894823093777,
  "nDCG@1_ci90_high": 70.846900825666,
  "nDCG@1_ci95_low": 66.5093769389429,
  "nDCG@1_ci95_high": 71.22647211766086,
  "nDCG@3": 77.6675302554426,
  "nDCG@3_std": 36.344844520000734,
  "nDCG@3_stderr": 0.9434651546833992,
  "nDCG@3_ci90_low": 76.11469816237522,
  "nDCG@3_ci90_high": 79.22036234850998,
  "nDCG@3_ci95_low": 75.81686211219022,
  "nDCG@3_ci95_high": 79.51819839869498,
  "nDCG@5": 79.99873323889003,
  "nDCG@5_std": 32.68352988568085,
  "nDCG@5_stderr": 0.8484221623846627,
  "nDCG@5_ci90_low": 78.60233067364359,
  "nDCG@5_ci90_high": 81.39513580413646,
  "nDCG@5_ci95_low": 78.3344980944755,
  "nDCG@5_ci95_high": 81.66296838330454,
  "nDCG@10": 81.50548359751883,
  "nDCG@10_std": 29.757887182619427,
  "nDCG@10_stderr": 0.7724762618904887,
  "nDCG@10_ci90_low": 80.23407900494668,
  "nDCG@10_ci90_high": 82.77688819009099,
  "nDCG@10_ci95_low": 79.99022126673445,
  "nDCG@10_ci95_high": 83.02074592830321,
  "nDCG@100": 82.68453738351805,
  "nDCG@100_std": 26.955232707647664,
  "nDCG@100_stderr": 0.6997229767224028,
  "nDCG@100_ci90_low": 81.53287609627549,
  "nDCG@100_ci90_high": 83.83619867076061,
  "nDCG@100_ci95_low": 81.3119853441622,
  "nDCG@100_ci95_high": 84.0570894228739,
  "RR@1": 68.86792452830188,
  "RR@3": 76.1230907457323,
  "RR@5": 77.33939802336035,
  "RR@10": 77.93134706712874,
  "RR@100": 78.16334176107675,
  "P@1": 68.86792452830188,
  "P@3": 29.357592093440708,
  "P@5": 18.854447439352658,
  "P@10": 9.939353099730214,
  "P@100": 1.0525606469002506,
  "R@1": 66.76774483378256,
  "R@3": 83.77695417789758,
  "R@5": 89.31379155435758,
  "R@10": 93.74438454627133,
  "R@100": 98.96675651392631,
  "AP": 77.54220422662728
}