nDCG@1,nDCG@1_std,nDCG@1_stderr,nDCG@1_ci90_low,nDCG@1_ci90_high,nDCG@1_ci95_low,nDCG@1_ci95_high,nDCG@3,nDCG@3_std,nDCG@3_stderr,nDCG@3_ci90_low,nDCG@3_ci90_high,nDCG@3_ci95_low,nDCG@3_ci95_high,nDCG@5,nDCG@5_std,nDCG@5_stderr,nDCG@5_ci90_low,nDCG@5_ci90_high,nDCG@5_ci95_low,nDCG@5_ci95_high,nDCG@10,nDCG@10_std,nDCG@10_stderr,nDCG@10_ci90_low,nDCG@10_ci90_high,nDCG@10_ci95_low,nDCG@10_ci95_high,nDCG@100,nDCG@100_std,nDCG@100_stderr,nDCG@100_ci90_low,nDCG@100_ci90_high,nDCG@100_ci95_low,nDCG@100_ci95_high,RR@1,RR@3,RR@5,RR@10,RR@100,P@1,P@3,P@5,P@10,P@100,R@1,R@3,R@5,R@10,R@100,AP
68.86792452830188,46.31897174045883,1.202380596616378,66.88894823093777,70.846900825666,66.5093769389429,71.22647211766086,77.6675302554426,36.344844520000734,0.9434651546833992,76.11469816237522,79.22036234850998,75.81686211219022,79.51819839869498,79.99873323889003,32.68352988568085,0.8484221623846627,78.60233067364359,81.39513580413646,78.3344980944755,81.66296838330454,81.50548359751883,29.757887182619427,0.7724762618904887,80.23407900494668,82.77688819009099,79.99022126673445,83.02074592830321,82.68453738351805,26.955232707647664,0.6997229767224028,81.53287609627549,83.83619867076061,81.3119853441622,84.0570894228739,68.86792452830188,76.1230907457323,77.33939802336035,77.93134706712874,78.16334176107675,68.86792452830188,29.357592093440708,18.854447439352658,9.939353099730214,1.0525606469002506,66.76774483378256,83.77695417789758,89.31379155435758,93.74438454627133,98.96675651392631,77.54220422662728
