nDCG@1,nDCG@1_std,nDCG@1_stderr,nDCG@1_ci90_low,nDCG@1_ci90_high,nDCG@1_ci95_low,nDCG@1_ci95_high,nDCG@3,nDCG@3_std,nDCG@3_stderr,nDCG@3_ci90_low,nDCG@3_ci90_high,nDCG@3_ci95_low,nDCG@3_ci95_high,nDCG@5,nDCG@5_std,nDCG@5_stderr,nDCG@5_ci90_low,nDCG@5_ci90_high,nDCG@5_ci95_low,nDCG@5_ci95_high,nDCG@10,nDCG@10_std,nDCG@10_stderr,nDCG@10_ci90_low,nDCG@10_ci90_high,nDCG@10_ci95_low,nDCG@10_ci95_high,nDCG@100,nDCG@100_std,nDCG@100_stderr,nDCG@100_ci90_low,nDCG@100_ci90_high,nDCG@100_ci95_low,nDCG@100_ci95_high,RR@1,RR@3,RR@5,RR@10,RR@100,P@1,P@3,P@5,P@10,P@100,R@1,R@3,R@5,R@10,R@100,AP
69.81132075471697,45.92311709392045,1.1921047219975462,67.8492573319972,71.77338417743675,67.47292996045184,72.14971154898211,78.60527910043373,35.54847629978908,0.9227924657232507,77.08647180913881,80.12408639172865,76.79516177848514,80.41539642238233,80.96238666593058,31.68404535065075,0.8224768366060117,79.60868703924439,82.31608629261677,79.34904496219747,82.5757283696637,82.3569157546983,28.90518844737128,0.7503413056188636,81.12194268300067,83.59188882639594,80.88507257746807,83.82875893192855,83.33519760011113,26.497080611191134,0.6878299408803038,82.20311084367974,84.46728435654252,81.98597452256195,84.68442067766031,69.81132075471697,77.0777178796047,78.28054806828402,78.78992320198527,78.98437138443379,69.81132075471697,29.71698113207501,19.09703504043082,10.026954177897327,1.0518867924528112,67.71114106019766,84.77088948787062,90.42565139263252,94.62039532794249,98.89937106918238,78.34918618015595
