nDCG@1,nDCG@1_std,nDCG@1_stderr,nDCG@1_ci90_low,nDCG@1_ci90_high,nDCG@1_ci95_low,nDCG@1_ci95_high,nDCG@3,nDCG@3_std,nDCG@3_stderr,nDCG@3_ci90_low,nDCG@3_ci90_high,nDCG@3_ci95_low,nDCG@3_ci95_high,nDCG@5,nDCG@5_std,nDCG@5_stderr,nDCG@5_ci90_low,nDCG@5_ci90_high,nDCG@5_ci95_low,nDCG@5_ci95_high,nDCG@10,nDCG@10_std,nDCG@10_stderr,nDCG@10_ci90_low,nDCG@10_ci90_high,nDCG@10_ci95_low,nDCG@10_ci95_high,nDCG@100,nDCG@100_std,nDCG@100_stderr,nDCG@100_ci90_low,nDCG@100_ci90_high,nDCG@100_ci95_low,nDCG@100_ci95_high,RR@1,RR@3,RR@5,RR@10,RR@100,P@1,P@3,P@5,P@10,P@100,R@1,R@3,R@5,R@10,R@100,AP
65.90296495956873,47.41952068482496,1.2309494237429228,63.87696775061804,67.92896216851943,63.488377761337375,68.3175521578001,74.71338818145809,38.472822718934076,0.9987047163635906,73.06963830116966,76.35713806174651,72.75436405225193,76.67241231066424,77.03403756910657,35.21509082471825,0.9141382099970004,75.52947415949252,78.53860097872062,75.24089613153126,78.82717900668189,78.82121008329563,32.09206892490026,0.8330686008487215,77.45007766499371,80.19234250159754,77.18709194646637,80.45532822012488,80.21409385883416,29.11278267955792,0.755730183380428,78.97025133150031,81.45793638616802,78.73168004807104,81.69650766959728,65.90296495956873,73.12443845462721,74.35085354896684,75.03920121507726,75.31226981658065,65.90296495956873,28.32434860736709,18.24797843665727,9.71698113207524,1.0411051212937819,64.03863432165319,80.81199460916442,86.29829290206648,91.62174303683737,97.92228212039532,74.7567115181472
