{
  "nDCG@1": 69.81132075471697,
  "nDCG@1_std": 45.92311709392045,
  "nDCG@1_stderr": 1.1921047219975462,
  "nDCG@1_ci90_low": 67.8492573319972,
  "nDCG@1_ci90_high": 71.77338417743675,
  "nDCG@1_ci95_low": 67.47292996045184,
  "nDCG@1_ci95_high": 72.14971154898211,
  "nDCG@3": 78.60527910043373,
  "nDCG@3_std": 35.54847629978908,
  "nDCG@3_stderr": 0.9227924657232507,
  "nDCG@3_ci90_low": 77.08647180913881,
  "nDCG@3_ci90_high": 80.12408639172865,
  "nDCG@3_ci95_low": 76.79516177848514,
  "nDCG@3_ci95_high": 80.41539642238233,
  "nDCG@5": 80.96238666593058,
  "nDCG@5_std": 31.68404535065075,
  "nDCG@5_stderr": 0.8224768366060117,
  "nDCG@5_ci90_low": 79.60868703924439,
  "nDCG@5_ci90_high": 82.31608629261677,
  "nDCG@5_ci95_low": 79.34904496219747,
  "nDCG@5_ci95_high": 82.5757283696637,
  "nDCG@10": 82.3569157546983,
  "nDCG@10_std": 28.90518844737128,
  "nDCG@10_stderr": 0.7503413056188636,
  "nDCG@10_ci90_low": 81.12194268300067,
  "nDCG@10_ci90_high": 83.59188882639594,
  "nDCG@10_ci95_low": 80.88507257746807,
  "nDCG@10_ci95_high": 83.82875893192855,
  "nDCG@100": 83.33519760011113,
  "nDCG@100_std": 26.497080611191134,
  "nDCG@100_stderr": 0.6878299408803038,
  "nDCG@100_ci90_low": 82.20311084367974,
  "nDCG@100_ci90_high": 84.46728435654252,
  "nDCG@100_ci95_low": 81.98597452256195,
  "nDCG@100_ci95_high": 84.68442067766031,
  "RR@1": 69.81132075471697,
  "RR@3": 77.0777178796047,
  "RR@5": 78.28054806828402,
  "RR@10": 78.78992320198527,
  "RR@100": 78.98437138443379,
  "P@1": 69.81132075471697,
  "P@3": 29.71698113207501,
  "P@5": 19.09703504043082,
  "P@10": 10.026954177897327,
  "P@100": 1.0518867924528112,
  "R@1": 67.71114106019766,
  "R@3": 84.77088948787062,
  "R@5": 90.42565139263252,
  "R@10": 94.62039532794249,
  "R@100": 98.89937106918238,
  "AP": 78.34918618015595
}