nDCG@1,nDCG@1_std,nDCG@1_stderr,nDCG@1_ci90_low,nDCG@1_ci90_high,nDCG@1_ci95_low,nDCG@1_ci95_high,nDCG@3,nDCG@3_std,nDCG@3_stderr,nDCG@3_ci90_low,nDCG@3_ci90_high,nDCG@3_ci95_low,nDCG@3_ci95_high,nDCG@5,nDCG@5_std,nDCG@5_stderr,nDCG@5_ci90_low,nDCG@5_ci90_high,nDCG@5_ci95_low,nDCG@5_ci95_high,nDCG@10,nDCG@10_std,nDCG@10_stderr,nDCG@10_ci90_low,nDCG@10_ci90_high,nDCG@10_ci95_low,nDCG@10_ci95_high,nDCG@100,nDCG@100_std,nDCG@100_stderr,nDCG@100_ci90_low,nDCG@100_ci90_high,nDCG@100_ci95_low,nDCG@100_ci95_high,RR@1,RR@3,RR@5,RR@10,RR@100,P@1,P@3,P@5,P@10,P@100,R@1,R@3,R@5,R@10,R@100,AP
73.6522911051213,44.066741068313895,1.1439156014419298,71.76954127714744,75.53504093309515,71.40842639888487,75.89615581135772,81.5409009510045,33.61458601285952,0.8725911752019869,80.10471904830803,82.97708285370098,79.82925671908649,83.25254518292252,83.41077206932162,30.170729665105235,0.7831931187581527,82.12172879746353,84.69981534117971,81.87448792813723,84.94705621050602,84.72563012485104,27.333782127409457,0.7095496300369969,83.5577953281168,85.89346492158528,83.33380246714952,86.11745778255255,85.58383021579574,25.084969736544885,0.6511733690233222,84.51207584251469,86.6555845890768,84.3065113834005,86.86114904819098,73.6522911051213,80.17744833782571,81.1612758310872,81.64476639712494,81.82141908055112,73.6522911051213,30.54806828391685,19.339622641508974,10.107816711590043,1.0539083557951294,71.38364779874215,87.10130278526505,91.5599730458221,95.45148247978436,99.05660377358491,81.21687574335832
