{
  "nDCG@1": 73.6522911051213,
  "nDCG@1_std": 44.066741068313895,
  "nDCG@1_stderr": 1.1439156014419298,
  "nDCG@1_ci90_low": 71.76954127714744,
  "nDCG@1_ci90_high": 75.53504093309515,
  "nDCG@1_ci95_low": 71.40842639888487,
  "nDCG@1_ci95_high": 75.89615581135772,
  "nDCG@3": 81.5409009510045,
  "nDCG@3_std": 33.61458601285952,
  "nDCG@3_stderr": 0.8725911752019869,
  "nDCG@3_ci90_low": 80.10471904830803,
  "nDCG@3_ci90_high": 82.97708285370098,
  "nDCG@3_ci95_low": 79.82925671908649,
  "nDCG@3_ci95_high": 83.25254518292252,
  "nDCG@5": 83.41077206932162,
  "nDCG@5_std": 30.170729665105235,
  "nDCG@5_stderr": 0.7831931187581527,
  "nDCG@5_ci90_low": 82.12172879746353,
  "nDCG@5_ci90_high": 84.69981534117971,
  "nDCG@5_ci95_low": 81.87448792813723,
  "nDCG@5_ci95_high": 84.94705621050602,
  "nDCG@10": 84.72563012485104,
  "nDCG@10_std": 27.333782127409457,
  "nDCG@10_stderr": 0.7095496300369969,
  "nDCG@10_ci90_low": 83.5577953281168,
  "nDCG@10_ci90_high": 85.89346492158528,
  "nDCG@10_ci95_low": 83.33380246714952,
  "nDCG@10_ci95_high": 86.11745778255255,
  "nDCG@100": 85.58383021579574,
  "nDCG@100_std": 25.084969736544885,
  "nDCG@100_stderr": 0.6511733690233222,
  "nDCG@100_ci90_low": 84.51207584251469,
  "nDCG@100_ci90_high": 86.6555845890768,
  "nDCG@100_ci95_low": 84.3065113834005,
  "nDCG@100_ci95_high": 86.86114904819098,
  "RR@1": 73.6522911051213,
  "RR@3": 80.17744833782571,
  "RR@5": 81.1612758310872,
  "RR@10": 81.64476639712494,
  "RR@100": 81.82141908055112,
  "P@1": 73.6522911051213,
  "P@3": 30.54806828391685,
  "P@5": 19.339622641508974,
  "P@10": 10.107816711590043,
  "P@100": 1.0539083557951294,
  "R@1": 71.38364779874215,
  "R@3": 87.10130278526505,
  "R@5": 91.5599730458221,
  "R@10": 95.45148247978436,
  "R@100": 99.05660377358491,
  "AP": 81.21687574335832
}