{
  "nDCG@1": 57.14285714285714,
  "nDCG@1_std": 49.503847935372036,
  "nDCG@1_stderr": 1.2850558632619047,
  "nDCG@1_ci90_low": 55.02780713178692,
  "nDCG@1_ci90_high": 59.257907153927356,
  "nDCG@1_ci95_low": 54.62213665134459,
  "nDCG@1_ci95_high": 59.66357763436969,
  "nDCG@3": 66.45222736959656,
  "nDCG@3_std": 42.31045146297716,
  "nDCG@3_stderr": 1.0983245949029967,
  "nDCG@3_ci90_low": 64.64451494788776,
  "nDCG@3_ci90_high": 68.25993979130536,
  "nDCG@3_ci95_low": 64.29779238209598,
  "nDCG@3_ci95_high": 68.60666235709714,
  "nDCG@5": 69.16234115553229,
  "nDCG@5_std": 39.38257005273545,
  "nDCG@5_stderr": 1.0223205804660052,
  "nDCG@5_ci90_low": 67.47972235517649,
  "nDCG@5_ci90_high": 70.84495995588809,
  "nDCG@5_ci95_low": 67.156992975933,
  "nDCG@5_ci95_high": 71.16768933513158,
  "nDCG@10": 71.40751165320005,
  "nDCG@10_std": 36.264980000807235,
  "nDCG@10_stderr": 0.9413919750632981,
  "nDCG@10_ci90_low": 69.8580917686629,
  "nDCG@10_ci90_high": 72.95693153773719,
  "nDCG@10_ci95_low": 69.56091018634702,
  "nDCG@10_ci95_high": 73.25411312005308,
  "nDCG@100": 73.7901143181989,
  "nDCG@100_std": 32.149830672263136,
  "nDCG@100_stderr": 0.8345680211002102,
  "nDCG@100_ci90_low": 72.41651403144849,
  "nDCG@100_ci90_high": 75.16371460494932,
  "nDCG@100_ci95_low": 72.15305497121578,
  "nDCG@100_ci95_high": 75.42717366518202,
  "RR@1": 57.21024258760108,
  "RR@3": 64.7686433063792,
  "RR@5": 66.18373764600187,
  "RR@10": 67.0691342574766,
  "RR@100": 67.55316778177382,
  "P@1": 57.14285714285714,
  "P@3": 25.494159928121917,
  "P@5": 16.752021563341984,
  "P@10": 9.12398921832864,
  "P@100": 1.0316711590296312,
  "R@1": 55.4806828391734,
  "R@3": 73.14128481581311,
  "R@5": 79.54290206648696,
  "R@10": 86.43306379155435,
  "R@100": 97.14734950584007,
  "AP": 66.86170537743862
}