{
  "nDCG@1": 62.938005390835585,
  "nDCG@1_std": 48.31336165800519,
  "nDCG@1_stderr": 1.2541523792971767,
  "nDCG@1_ci90_low": 60.87381886046713,
  "nDCG@1_ci90_high": 65.00219192120404,
  "nDCG@1_ci95_low": 60.47790408913109,
  "nDCG@1_ci95_high": 65.39810669254008,
  "nDCG@3": 72.54483933503218,
  "nDCG@3_std": 39.195477576755074,
  "nDCG@3_stderr": 1.0174639017782263,
  "nDCG@3_ci90_low": 70.87021405356222,
  "nDCG@3_ci90_high": 74.21946461650214,
  "nDCG@3_ci95_low": 70.54901784593636,
  "nDCG@3_ci95_high": 74.540660824128,
  "nDCG@5": 75.00937515417867,
  "nDCG@5_std": 35.92526662106444,
  "nDCG@5_stderr": 0.9325734551163856,
  "nDCG@5_ci90_low": 73.47446951080767,
  "nDCG@5_ci90_high": 76.54428079754967,
  "nDCG@5_ci95_low": 73.18007178663049,
  "nDCG@5_ci95_high": 76.83867852172685,
  "nDCG@10": 77.05129104357185,
  "nDCG@10_std": 32.57182594465413,
  "nDCG@10_stderr": 0.8455224725554348,
  "nDCG@10_ci90_low": 75.65966102493661,
  "nDCG@10_ci90_high": 78.44292106220709,
  "nDCG@10_ci95_low": 75.39274382898243,
  "nDCG@10_ci95_high": 78.70983825816127,
  "nDCG@100": 78.6676497664944,
  "nDCG@100_std": 29.299555655709064,
  "nDCG@100_stderr": 0.7605785682658867,
  "nDCG@100_ci90_low": 77.4158273708927,
  "nDCG@100_ci90_high": 79.91947216209611,
  "nDCG@100_ci95_low": 77.17572553405942,
  "nDCG@100_ci95_high": 80.15957399892939,
  "RR@1": 62.938005390835585,
  "RR@3": 70.86702605570537,
  "RR@5": 72.14398023360297,
  "RR@10": 72.94166880588719,
  "RR@100": 73.26476044635889,
  "P@1": 62.938005390835585,
  "P@3": 27.740341419586322,
  "P@5": 17.93800539083518,
  "P@10": 9.649595687331308,
  "P@100": 1.045148247978418,
  "R@1": 61.07367475292003,
  "R@3": 79.34074573225516,
  "R@5": 85.16958670260556,
  "R@10": 91.2679694519317,
  "R@100": 98.32659478885894,
  "AP": 72.56367481868291
}