{
  "nDCG@1": 53.97574123989218,
  "nDCG@1_std": 49.858485689018345,
  "nDCG@1_stderr": 1.2942618006519069,
  "nDCG@1_ci90_low": 51.84553934435119,
  "nDCG@1_ci90_high": 56.10594313543317,
  "nDCG@1_ci95_low": 51.436962704612064,
  "nDCG@1_ci95_high": 56.514519775172296,
  "nDCG@3": 62.651990631048996,
  "nDCG@3_std": 43.7752627128764,
  "nDCG@3_stderr": 1.1363492003379612,
  "nDCG@3_ci90_low": 60.78169420467131,
  "nDCG@3_ci90_high": 64.52228705742668,
  "nDCG@3_ci95_low": 60.42296791172928,
  "nDCG@3_ci95_high": 64.8810133503687,
  "nDCG@5": 65.48827783592118,
  "nDCG@5_std": 41.117582138319406,
  "nDCG@5_stderr": 1.0673592501128715,
  "nDCG@5_ci90_low": 63.73153071051857,
  "nDCG@5_ci90_high": 67.2450249613238,
  "nDCG@5_ci95_low": 63.394583382253195,
  "nDCG@5_ci95_high": 67.58197228958917,
  "nDCG@10": 67.73224480135211,
  "nDCG@10_std": 38.35242640092024,
  "nDCG@10_stderr": 0.9955793836706489,
  "nDCG@10_ci90_low": 66.09363884914944,
  "nDCG@10_ci90_high": 69.37085075355478,
  "nDCG@10_ci95_low": 65.77935121509518,
  "nDCG@10_ci95_high": 69.68513838760904,
  "nDCG@100": 70.57764907427175,
  "nDCG@100_std": 33.972565577613324,
  "nDCG@100_stderr": 0.8818838616859828,
  "nDCG@100_ci90_low": 69.12617250835265,
  "nDCG@100_ci90_high": 72.02912564019084,
  "nDCG@100_ci95_low": 68.84777663460723,
  "nDCG@100_ci95_high": 72.30752151393627,
  "RR@1": 53.97574123989218,
  "RR@3": 61.118598382749376,
  "RR@5": 62.54716981132085,
  "RR@10": 63.47109913147657,
  "RR@100": 64.04342965060154,
  "P@1": 53.97574123989218,
  "P@3": 24.011680143755424,
  "P@5": 15.916442048517226,
  "P@10": 8.706199460916261,
  "P@100": 1.0114555256064508,
  "R@1": 52.38095238095237,
  "R@3": 68.99707996406109,
  "R@5": 75.78054806828392,
  "R@10": 82.53032345013477,
  "R@100": 95.36163522012579,
  "AP": 63.359516938457716
}