nDCG@1,nDCG@1_std,nDCG@1_stderr,nDCG@1_ci90_low,nDCG@1_ci90_high,nDCG@1_ci95_low,nDCG@1_ci95_high,nDCG@3,nDCG@3_std,nDCG@3_stderr,nDCG@3_ci90_low,nDCG@3_ci90_high,nDCG@3_ci95_low,nDCG@3_ci95_high,nDCG@5,nDCG@5_std,nDCG@5_stderr,nDCG@5_ci90_low,nDCG@5_ci90_high,nDCG@5_ci95_low,nDCG@5_ci95_high,nDCG@10,nDCG@10_std,nDCG@10_stderr,nDCG@10_ci90_low,nDCG@10_ci90_high,nDCG@10_ci95_low,nDCG@10_ci95_high,nDCG@100,nDCG@100_std,nDCG@100_stderr,nDCG@100_ci90_low,nDCG@100_ci90_high,nDCG@100_ci95_low,nDCG@100_ci95_high,RR@1,RR@3,RR@5,RR@10,RR@100,P@1,P@3,P@5,P@10,P@100,R@1,R@3,R@5,R@10,R@100,AP
65.49865229110512,47.55329194405481,1.2344219526104498,63.46693971021638,67.53036487199385,63.07725350209083,67.9200510801194,74.63868702504332,38.317105766813135,0.9946625056935529,73.00159014558298,76.27578390450367,72.68759195445497,76.58978209563168,77.1605392449272,34.7174354309538,0.9012197196510414,75.67723814299202,78.64384034686236,75.39273826473232,78.92834022512207,78.69024857372926,32.017335827833065,0.8311286263099483,77.32230912414336,80.05818802331517,77.0599358228857,80.32056132457282,80.11702560246323,28.964304693646373,0.7518758869101809,78.87952679140282,81.35452441352363,78.64217224441713,81.59187896050933,65.49865229110512,72.91105121293805,74.2654986522912,74.85004064518893,75.12488899613437,65.49865229110512,28.36927223719637,18.409703504042707,9.710242587600847,1.0424528301886606,63.63432165318957,81.03099730458221,87.02268643306378,91.58805031446539,98.09074573225516,74.56463628743008
