{
  "nDCG@1": 65.49865229110512,
  "nDCG@1_std": 47.55329194405481,
  "nDCG@1_stderr": 1.2344219526104498,
  "nDCG@1_ci90_low": 63.46693971021638,
  "nDCG@1_ci90_high": 67.53036487199385,
  "nDCG@1_ci95_low": 63.07725350209083,
  "nDCG@1_ci95_high": 67.9200510801194,
  "nDCG@3": 74.63868702504332,
  "nDCG@3_std": 38.317105766813135,
  "nDCG@3_stderr": 0.9946625056935529,
  "nDCG@3_ci90_low": 73.00159014558298,
  "nDCG@3_ci90_high": 76.27578390450367,
  "nDCG@3_ci95_low": 72.68759195445497,
  "nDCG@3_ci95_high": 76.58978209563168,
  "nDCG@5": 77.1605392449272,
  "nDCG@5_std": 34.7174354309538,
  "nDCG@5_stderr": 0.9012197196510414,
  "nDCG@5_ci90_low": 75.67723814299202,
  "nDCG@5_ci90_high": 78.64384034686236,
  "nDCG@5_ci95_low": 75.39273826473232,
  "nDCG@5_ci95_high": 78.92834022512207,
  "nDCG@10": 78.69024857372926,
  "nDCG@10_std": 32.017335827833065,
  "nDCG@10_stderr": 0.8311286263099483,
  "nDCG@10_ci90_low": 77.32230912414336,
  "nDCG@10_ci90_high": 80.05818802331517,
  "nDCG@10_ci95_low": 77.0599358228857,
  "nDCG@10_ci95_high": 80.32056132457282,
  "nDCG@100": 80.11702560246323,
  "nDCG@100_std": 28.964304693646373,
  "nDCG@100_stderr": 0.7518758869101809,
  "nDCG@100_ci90_low": 78.87952679140282,
  "nDCG@100_ci90_high": 81.35452441352363,
  "nDCG@100_ci95_low": 78.64217224441713,
  "nDCG@100_ci95_high": 81.59187896050933,
  "RR@1": 65.49865229110512,
  "RR@3": 72.91105121293805,
  "RR@5": 74.2654986522912,
  "RR@10": 74.85004064518893,
  "RR@100": 75.12488899613437,
  "P@1": 65.49865229110512,
  "P@3": 28.36927223719637,
  "P@5": 18.409703504042707,
  "P@10": 9.710242587600847,
  "P@100": 1.0424528301886606,
  "R@1": 63.63432165318957,
  "R@3": 81.03099730458221,
  "R@5": 87.02268643306378,
  "R@10": 91.58805031446539,
  "R@100": 98.09074573225516,
  "AP": 74.56463628743008
}