nDCG@1,nDCG@1_std,nDCG@1_stderr,nDCG@1_ci90_low,nDCG@1_ci90_high,nDCG@1_ci95_low,nDCG@1_ci95_high,nDCG@3,nDCG@3_std,nDCG@3_stderr,nDCG@3_ci90_low,nDCG@3_ci90_high,nDCG@3_ci95_low,nDCG@3_ci95_high,nDCG@5,nDCG@5_std,nDCG@5_stderr,nDCG@5_ci90_low,nDCG@5_ci90_high,nDCG@5_ci95_low,nDCG@5_ci95_high,nDCG@10,nDCG@10_std,nDCG@10_stderr,nDCG@10_ci90_low,nDCG@10_ci90_high,nDCG@10_ci95_low,nDCG@10_ci95_high,nDCG@100,nDCG@100_std,nDCG@100_stderr,nDCG@100_ci90_low,nDCG@100_ci90_high,nDCG@100_ci95_low,nDCG@100_ci95_high,RR@1,RR@3,RR@5,RR@10,RR@100,P@1,P@3,P@5,P@10,P@100,R@1,R@3,R@5,R@10,R@100,AP
53.97574123989218,49.858485689018345,1.2942618006519069,51.84553934435119,56.10594313543317,51.436962704612064,56.514519775172296,62.651990631048996,43.7752627128764,1.1363492003379612,60.78169420467131,64.52228705742668,60.42296791172928,64.8810133503687,65.48827783592118,41.117582138319406,1.0673592501128715,63.73153071051857,67.2450249613238,63.394583382253195,67.58197228958917,67.73224480135211,38.35242640092024,0.9955793836706489,66.09363884914944,69.37085075355478,65.77935121509518,69.68513838760904,70.57764907427175,33.972565577613324,0.8818838616859828,69.12617250835265,72.02912564019084,68.84777663460723,72.30752151393627,53.97574123989218,61.118598382749376,62.54716981132085,63.47109913147657,64.04342965060154,53.97574123989218,24.011680143755424,15.916442048517226,8.706199460916261,1.0114555256064508,52.38095238095237,68.99707996406109,75.78054806828392,82.53032345013477,95.36163522012579,63.359516938457716
