{
  "nDCG@1": 67.11590296495957,
  "nDCG@1_std": 46.99504331540876,
  "nDCG@1_stderr": 1.2199305402593115,
  "nDCG@1_ci90_low": 65.10804153539425,
  "nDCG@1_ci90_high": 69.1237643945249,
  "nDCG@1_ci95_low": 64.72293002194061,
  "nDCG@1_ci95_high": 69.50887590797853,
  "nDCG@3": 76.19879158219686,
  "nDCG@3_std": 37.32626145130329,
  "nDCG@3_stderr": 0.968941468838237,
  "nDCG@3_ci90_low": 74.60402848824798,
  "nDCG@3_ci90_high": 77.79355467614575,
  "nDCG@3_ci95_low": 74.29814999500773,
  "nDCG@3_ci95_high": 78.09943316938599,
  "nDCG@5": 78.36532139664295,
  "nDCG@5_std": 34.041804341516674,
  "nDCG@5_stderr": 0.8836812104422889,
  "nDCG@5_ci90_low": 76.9108866071823,
  "nDCG@5_ci90_high": 79.8197561861036,
  "nDCG@5_ci95_low": 76.63192334072319,
  "nDCG@5_ci95_high": 80.09871945256272,
  "nDCG@10": 79.93901513808355,
  "nDCG@10_std": 31.16785566489768,
  "nDCG@10_stderr": 0.8090772200126048,
  "nDCG@10_ci90_low": 78.6073696959931,
  "nDCG@10_ci90_high": 81.270660580174,
  "nDCG@10_ci95_low": 78.35195765209617,
  "nDCG@10_ci95_high": 81.52607262407092,
  "nDCG@100": 81.34848319924684,
  "nDCG@100_std": 28.046081297128705,
  "nDCG@100_stderr": 0.7280399951827388,
  "nDCG@100_ci90_low": 80.15021544770943,
  "nDCG@100_ci90_high": 82.54675095078426,
  "nDCG@100_ci95_low": 79.92038549006281,
  "nDCG@100_ci95_high": 82.77658090843087,
  "RR@1": 67.11590296495957,
  "RR@3": 74.53953279424978,
  "RR@5": 75.67160826594794,
  "RR@10": 76.3167971591152,
  "RR@100": 76.58989718713778,
  "P@1": 67.11590296495957,
  "P@3": 28.930817610062476,
  "P@5": 18.504043126684213,
  "P@10": 9.777628032344776,
  "P@100": 1.0478436657681753,
  "R@1": 65.08310871518418,
  "R@3": 82.57524707996406,
  "R@5": 87.69654088050314,
  "R@10": 92.29559748427671,
  "R@100": 98.5624438454627,
  "AP": 75.98138356172907
}