nDCG@1,nDCG@1_std,nDCG@1_stderr,nDCG@1_ci90_low,nDCG@1_ci90_high,nDCG@1_ci95_low,nDCG@1_ci95_high,nDCG@3,nDCG@3_std,nDCG@3_stderr,nDCG@3_ci90_low,nDCG@3_ci90_high,nDCG@3_ci95_low,nDCG@3_ci95_high,nDCG@5,nDCG@5_std,nDCG@5_stderr,nDCG@5_ci90_low,nDCG@5_ci90_high,nDCG@5_ci95_low,nDCG@5_ci95_high,nDCG@10,nDCG@10_std,nDCG@10_stderr,nDCG@10_ci90_low,nDCG@10_ci90_high,nDCG@10_ci95_low,nDCG@10_ci95_high,nDCG@100,nDCG@100_std,nDCG@100_stderr,nDCG@100_ci90_low,nDCG@100_ci90_high,nDCG@100_ci95_low,nDCG@100_ci95_high,RR@1,RR@3,RR@5,RR@10,RR@100,P@1,P@3,P@5,P@10,P@100,R@1,R@3,R@5,R@10,R@100,AP
66.44204851752022,47.235183066588455,1.2261642575989937,64.42392712626355,68.46016990877689,64.03684773329555,68.8472493017449,75.64598274981118,37.53495831072819,0.9743589693767495,74.04230309051948,77.24966240910288,73.73471438365421,77.55725111596816,78.07196972263979,33.94625461249496,0.8812008630625713,76.62161729169982,79.52232215357976,76.34343702910999,79.80050241616959,79.51929099316132,31.35661788690304,0.8139772431475137,78.17958069234993,80.85900129397271,77.92262179372383,81.1159601925988,80.96498655287596,28.15782523901942,0.7309407233826583,79.76194454569196,82.16802856005995,79.53119887703532,82.39877422871659,66.37466307277629,73.8769092542678,75.17744833782577,75.7177886878022,76.01462725420268,66.44204851752022,28.7960467205746,18.557951482479357,9.777628032344776,1.0485175202156147,64.47663971248876,82.23831985624437,87.99977538185084,92.29559748427671,98.66352201257861,75.45203794696054
