nDCG@1,nDCG@1_std,nDCG@1_stderr,nDCG@1_ci90_low,nDCG@1_ci90_high,nDCG@1_ci95_low,nDCG@1_ci95_high,nDCG@3,nDCG@3_std,nDCG@3_stderr,nDCG@3_ci90_low,nDCG@3_ci90_high,nDCG@3_ci95_low,nDCG@3_ci95_high,nDCG@5,nDCG@5_std,nDCG@5_stderr,nDCG@5_ci90_low,nDCG@5_ci90_high,nDCG@5_ci95_low,nDCG@5_ci95_high,nDCG@10,nDCG@10_std,nDCG@10_stderr,nDCG@10_ci90_low,nDCG@10_ci90_high,nDCG@10_ci95_low,nDCG@10_ci95_high,nDCG@100,nDCG@100_std,nDCG@100_stderr,nDCG@100_ci90_low,nDCG@100_ci90_high,nDCG@100_ci95_low,nDCG@100_ci95_high,RR@1,RR@3,RR@5,RR@10,RR@100,P@1,P@3,P@5,P@10,P@100,R@1,R@3,R@5,R@10,R@100,AP
57.14285714285714,49.503847935372036,1.2850558632619047,55.02780713178692,59.257907153927356,54.62213665134459,59.66357763436969,66.45222736959656,42.31045146297716,1.0983245949029967,64.64451494788776,68.25993979130536,64.29779238209598,68.60666235709714,69.16234115553229,39.38257005273545,1.0223205804660052,67.47972235517649,70.84495995588809,67.156992975933,71.16768933513158,71.40751165320005,36.264980000807235,0.9413919750632981,69.8580917686629,72.95693153773719,69.56091018634702,73.25411312005308,73.7901143181989,32.149830672263136,0.8345680211002102,72.41651403144849,75.16371460494932,72.15305497121578,75.42717366518202,57.21024258760108,64.7686433063792,66.18373764600187,67.0691342574766,67.55316778177382,57.14285714285714,25.494159928121917,16.752021563341984,9.12398921832864,1.0316711590296312,55.4806828391734,73.14128481581311,79.54290206648696,86.43306379155435,97.14734950584007,66.86170537743862
