nDCG@1,nDCG@1_std,nDCG@1_stderr,nDCG@1_ci90_low,nDCG@1_ci90_high,nDCG@1_ci95_low,nDCG@1_ci95_high,nDCG@3,nDCG@3_std,nDCG@3_stderr,nDCG@3_ci90_low,nDCG@3_ci90_high,nDCG@3_ci95_low,nDCG@3_ci95_high,nDCG@5,nDCG@5_std,nDCG@5_stderr,nDCG@5_ci90_low,nDCG@5_ci90_high,nDCG@5_ci95_low,nDCG@5_ci95_high,nDCG@10,nDCG@10_std,nDCG@10_stderr,nDCG@10_ci90_low,nDCG@10_ci90_high,nDCG@10_ci95_low,nDCG@10_ci95_high,nDCG@100,nDCG@100_std,nDCG@100_stderr,nDCG@100_ci90_low,nDCG@100_ci90_high,nDCG@100_ci95_low,nDCG@100_ci95_high,RR@1,RR@3,RR@5,RR@10,RR@100,P@1,P@3,P@5,P@10,P@100,R@1,R@3,R@5,R@10,R@100,AP
64.8921832884097,47.74682295938511,1.2394457674520338,62.85220210228746,66.93216447453193,62.460929960477074,67.32343661634232,73.7796840010665,39.035457736643146,1.0133099937013728,72.1118955611496,75.4474724409834,71.7920106723025,75.7673573298305,76.12411682032977,35.83248570038921,0.9301649824201178,74.59317523824866,77.65505840241089,74.29953782831444,77.94869581234511,77.91911272026063,32.79263447332022,0.8512543763620042,76.51804866567713,79.32017677484413,76.24932200428448,79.58890343623678,79.41570319573208,29.68646350225903,0.7706221955289667,78.1473501771736,80.68405621429055,77.90407773646724,80.92732865499691,64.8921832884097,72.13611859838281,73.38611859838285,74.08112458820013,74.36581432031554,64.8921832884097,28.00988319856207,18.072776280323048,9.629380053908127,1.0384097035040245,63.095238095238095,79.96967654986523,85.52336028751122,90.8468104222821,97.72012578616352,73.82230804382102
