nDCG@1,nDCG@1_std,nDCG@1_stderr,nDCG@1_ci90_low,nDCG@1_ci90_high,nDCG@1_ci95_low,nDCG@1_ci95_high,nDCG@3,nDCG@3_std,nDCG@3_stderr,nDCG@3_ci90_low,nDCG@3_ci90_high,nDCG@3_ci95_low,nDCG@3_ci95_high,nDCG@5,nDCG@5_std,nDCG@5_stderr,nDCG@5_ci90_low,nDCG@5_ci90_high,nDCG@5_ci95_low,nDCG@5_ci95_high,nDCG@10,nDCG@10_std,nDCG@10_stderr,nDCG@10_ci90_low,nDCG@10_ci90_high,nDCG@10_ci95_low,nDCG@10_ci95_high,nDCG@100,nDCG@100_std,nDCG@100_stderr,nDCG@100_ci90_low,nDCG@100_ci90_high,nDCG@100_ci95_low,nDCG@100_ci95_high,RR@1,RR@3,RR@5,RR@10,RR@100,P@1,P@3,P@5,P@10,P@100,R@1,R@3,R@5,R@10,R@100,AP
67.11590296495957,46.99504331540876,1.2199305402593115,65.10804153539425,69.1237643945249,64.72293002194061,69.50887590797853,76.19879158219686,37.32626145130329,0.968941468838237,74.60402848824798,77.79355467614575,74.29814999500773,78.09943316938599,78.36532139664295,34.041804341516674,0.8836812104422889,76.9108866071823,79.8197561861036,76.63192334072319,80.09871945256272,79.93901513808355,31.16785566489768,0.8090772200126048,78.6073696959931,81.270660580174,78.35195765209617,81.52607262407092,81.34848319924684,28.046081297128705,0.7280399951827388,80.15021544770943,82.54675095078426,79.92038549006281,82.77658090843087,67.11590296495957,74.53953279424978,75.67160826594794,76.3167971591152,76.58989718713778,67.11590296495957,28.930817610062476,18.504043126684213,9.777628032344776,1.0478436657681753,65.08310871518418,82.57524707996406,87.69654088050314,92.29559748427671,98.5624438454627,75.98138356172907
