{
  "nDCG@1": 66.44204851752022,
  "nDCG@1_std": 47.235183066588455,
  "nDCG@1_stderr": 1.2261642575989937,
  "nDCG@1_ci90_low": 64.42392712626355,
  "nDCG@1_ci90_high": 68.46016990877689,
  "nDCG@1_ci95_low": 64.03684773329555,
  "nDCG@1_ci95_high": 68.8472493017449,
  "nDCG@3": 75.64598274981118,
  "nDCG@3_std": 37.53495831072819,
  "nDCG@3_stderr": 0.9743589693767495,
  "nDCG@3_ci90_low": 74.04230309051948,
  "nDCG@3_ci90_high": 77.24966240910288,
  "nDCG@3_ci95_low": 73.73471438365421,
  "nDCG@3_ci95_high": 77.55725111596816,
  "nDCG@5": 78.07196972263979,
  "nDCG@5_std": 33.94625461249496,
  "nDCG@5_stderr": 0.8812008630625713,
  "nDCG@5_ci90_low": 76.62161729169982,
  "nDCG@5_ci90_high": 79.52232215357976,
  "nDCG@5_ci95_low": 76.34343702910999,
  "nDCG@5_ci95_high": 79.80050241616959,
  "nDCG@10": 79.51929099316132,
  "nDCG@10_std": 31.35661788690304,
  "nDCG@10_stderr": 0.8139772431475137,
  "nDCG@10_ci90_low": 78.17958069234993,
  "nDCG@10_ci90_high": 80.85900129397271,
  "nDCG@10_ci95_low": 77.92262179372383,
  "nDCG@10_ci95_high": 81.1159601925988,
  "nDCG@100": 80.96498655287596,
  "nDCG@100_std": 28.15782523901942,
  "nDCG@100_stderr": 0.7309407233826583,
  "nDCG@100_ci90_low": 79.76194454569196,
  "nDCG@100_ci90_high": 82.16802856005995,
  "nDCG@100_ci95_low": 79.53119887703532,
  "nDCG@100_ci95_high": 82.39877422871659,
  "RR@1": 66.37466307277629,
  "RR@3": 73.8769092542678,
  "RR@5": 75.17744833782577,
  "RR@10": 75.7177886878022,
  "RR@100": 76.01462725420268,
  "P@1": 66.44204851752022,
  "P@3": 28.7960467205746,
  "P@5": 18.557951482479357,
  "P@10": 9.777628032344776,
  "P@100": 1.0485175202156147,
  "R@1": 64.47663971248876,
  "R@3": 82.23831985624437,
  "R@5": 87.99977538185084,
  "R@10": 92.29559748427671,
  "R@100": 98.66352201257861,
  "AP": 75.45203794696054
}