nDCG@1,nDCG@1_std,nDCG@1_stderr,nDCG@1_ci90_low,nDCG@1_ci90_high,nDCG@1_ci95_low,nDCG@1_ci95_high,nDCG@3,nDCG@3_std,nDCG@3_stderr,nDCG@3_ci90_low,nDCG@3_ci90_high,nDCG@3_ci95_low,nDCG@3_ci95_high,nDCG@5,nDCG@5_std,nDCG@5_stderr,nDCG@5_ci90_low,nDCG@5_ci90_high,nDCG@5_ci95_low,nDCG@5_ci95_high,nDCG@10,nDCG@10_std,nDCG@10_stderr,nDCG@10_ci90_low,nDCG@10_ci90_high,nDCG@10_ci95_low,nDCG@10_ci95_high,nDCG@100,nDCG@100_std,nDCG@100_stderr,nDCG@100_ci90_low,nDCG@100_ci90_high,nDCG@100_ci95_low,nDCG@100_ci95_high,RR@1,RR@3,RR@5,RR@10,RR@100,P@1,P@3,P@5,P@10,P@100,R@1,R@3,R@5,R@10,R@100,AP
62.938005390835585,48.31336165800519,1.2541523792971767,60.87381886046713,65.00219192120404,60.47790408913109,65.39810669254008,72.54483933503218,39.195477576755074,1.0174639017782263,70.87021405356222,74.21946461650214,70.54901784593636,74.540660824128,75.00937515417867,35.92526662106444,0.9325734551163856,73.47446951080767,76.54428079754967,73.18007178663049,76.83867852172685,77.05129104357185,32.57182594465413,0.8455224725554348,75.65966102493661,78.44292106220709,75.39274382898243,78.70983825816127,78.6676497664944,29.299555655709064,0.7605785682658867,77.4158273708927,79.91947216209611,77.17572553405942,80.15957399892939,62.938005390835585,70.86702605570537,72.14398023360297,72.94166880588719,73.26476044635889,62.938005390835585,27.740341419586322,17.93800539083518,9.649595687331308,1.045148247978418,61.07367475292003,79.34074573225516,85.16958670260556,91.2679694519317,98.32659478885894,72.56367481868291
