nDCG@1,nDCG@1_std,nDCG@1_stderr,nDCG@1_ci90_low,nDCG@1_ci90_high,nDCG@1_ci95_low,nDCG@1_ci95_high,nDCG@3,nDCG@3_std,nDCG@3_stderr,nDCG@3_ci90_low,nDCG@3_ci90_high,nDCG@3_ci95_low,nDCG@3_ci95_high,nDCG@5,nDCG@5_std,nDCG@5_stderr,nDCG@5_ci90_low,nDCG@5_ci90_high,nDCG@5_ci95_low,nDCG@5_ci95_high,nDCG@10,nDCG@10_std,nDCG@10_stderr,nDCG@10_ci90_low,nDCG@10_ci90_high,nDCG@10_ci95_low,nDCG@10_ci95_high,nDCG@100,nDCG@100_std,nDCG@100_stderr,nDCG@100_ci90_low,nDCG@100_ci90_high,nDCG@100_ci95_low,nDCG@100_ci95_high,RR@1,RR@3,RR@5,RR@10,RR@100,P@1,P@3,P@5,P@10,P@100,R@1,R@3,R@5,R@10,R@100,AP
69.07008086253369,46.23605263694034,1.200228123938053,67.09464728069835,71.04551444436902,66.71575548805485,71.42440623701252,78.5974068043766,35.45457297693075,0.9203548569180441,77.08261152896195,80.11220207979126,76.79207101032982,80.40274259842339,80.82106208779616,31.70561361564287,0.823036720868437,79.4664409578125,82.17568321777983,79.20662213473902,82.43550204085331,82.14499909123187,29.060296117405557,0.7543677001139876,80.90339905026,83.38659913220373,80.66525787983757,83.62474030262617,83.20444055005497,26.49050119326983,0.6876591477010007,82.07263489900281,84.33624620110713,81.85555249441354,84.5533286056964,69.07008086253369,76.78571428571436,77.96832884097046,78.45796966585385,78.68638068120418,69.07008086253369,29.9191374663068,19.11051212937959,9.999999999999739,1.051212938005372,67.02044025157234,85.10220125786162,90.39195867026054,94.36769991015272,98.83198562443846,78.22155243526133
