{
  "nDCG@1": 69.07008086253369,
  "nDCG@1_std": 46.23605263694034,
  "nDCG@1_stderr": 1.200228123938053,
  "nDCG@1_ci90_low": 67.09464728069835,
  "nDCG@1_ci90_high": 71.04551444436902,
  "nDCG@1_ci95_low": 66.71575548805485,
  "nDCG@1_ci95_high": 71.42440623701252,
  "nDCG@3": 78.5974068043766,
  "nDCG@3_std": 35.45457297693075,
  "nDCG@3_stderr": 0.9203548569180441,
  "nDCG@3_ci90_low": 77.08261152896195,
  "nDCG@3_ci90_high": 80.11220207979126,
  "nDCG@3_ci95_low": 76.79207101032982,
  "nDCG@3_ci95_high": 80.40274259842339,
  "nDCG@5": 80.82106208779616,
  "nDCG@5_std": 31.70561361564287,
  "nDCG@5_stderr": 0.823036720868437,
  "nDCG@5_ci90_low": 79.4664409578125,
  "nDCG@5_ci90_high": 82.17568321777983,
  "nDCG@5_ci95_low": 79.20662213473902,
  "nDCG@5_ci95_high": 82.43550204085331,
  "nDCG@10": 82.14499909123187,
  "nDCG@10_std": 29.060296117405557,
  "nDCG@10_stderr": 0.7543677001139876,
  "nDCG@10_ci90_low": 80.90339905026,
  "nDCG@10_ci90_high": 83.38659913220373,
  "nDCG@10_ci95_low": 80.66525787983757,
  "nDCG@10_ci95_high": 83.62474030262617,
  "nDCG@100": 83.20444055005497,
  "nDCG@100_std": 26.49050119326983,
  "nDCG@100_stderr": 0.6876591477010007,
  "nDCG@100_ci90_low": 82.07263489900281,
  "nDCG@100_ci90_high": 84.33624620110713,
  "nDCG@100_ci95_low": 81.85555249441354,
  "nDCG@100_ci95_high": 84.5533286056964,
  "RR@1": 69.07008086253369,
  "RR@3": 76.78571428571436,
  "RR@5": 77.96832884097046,
  "RR@10": 78.45796966585385,
  "RR@100": 78.68638068120418,
  "P@1": 69.07008086253369,
  "P@3": 29.9191374663068,
  "P@5": 19.11051212937959,
  "P@10": 9.999999999999739,
  "P@100": 1.051212938005372,
  "R@1": 67.02044025157234,
  "R@3": 85.10220125786162,
  "R@5": 90.39195867026054,
  "R@10": 94.36769991015272,
  "R@100": 98.83198562443846,
  "AP": 78.22155243526133
}