{
  "nDCG@1": 73.92183288409704,
  "nDCG@1_std": 43.92090399299716,
  "nDCG@1_stderr": 1.1401298595949243,
  "nDCG@1_ci90_low": 72.0453139395924,
  "nDCG@1_ci90_high": 75.79835182860168,
  "nDCG@1_ci95_low": 71.68539415623412,
  "nDCG@1_ci95_high": 76.15827161195996,
  "nDCG@3": 81.7934331663807,
  "nDCG@3_std": 33.378440391133,
  "nDCG@3_stderr": 0.8664611402968323,
  "nDCG@3_ci90_low": 80.36734057634733,
  "nDCG@3_ci90_high": 83.21952575641406,
  "nDCG@3_ci95_low": 80.09381339584282,
  "nDCG@3_ci95_high": 83.49305293691857,
  "nDCG@5": 83.65770814273087,
  "nDCG@5_std": 29.96063984348205,
  "nDCG@5_stderr": 0.7777394587226545,
  "nDCG@5_ci90_low": 82.37764095047228,
  "nDCG@5_ci90_high": 84.93777533498945,
  "nDCG@5_ci95_low": 82.13212170971484,
  "nDCG@5_ci95_high": 85.1832945757469,
  "nDCG@10": 85.04170641186003,
  "nDCG@10_std": 26.833051655867134,
  "nDCG@10_stderr": 0.6965513146492838,
  "nDCG@10_ci90_low": 83.89526530538521,
  "nDCG@10_ci90_high": 86.18814751833486,
  "nDCG@10_ci95_low": 83.67537579353997,
  "nDCG@10_ci95_high": 86.4080370301801,
  "nDCG@100": 85.80313019232655,
  "nDCG@100_std": 24.841225208647995,
  "nDCG@100_stderr": 0.6448460763425427,
  "nDCG@100_ci90_low": 84.74178979468431,
  "nDCG@100_ci90_high": 86.86447058996879,
  "nDCG@100_ci95_low": 84.53822275524276,
  "nDCG@100_ci95_high": 87.06803762941034,
  "RR@1": 73.92183288409704,
  "RR@3": 80.45822102425878,
  "RR@5": 81.42857142857149,
  "RR@10": 81.94976575535878,
  "RR@100": 82.09311516425171,
  "P@1": 73.92183288409704,
  "P@3": 30.615453728660786,
  "P@5": 19.393530997304122,
  "P@10": 10.1482479784364,
  "P@100": 1.0545822102425688,
  "R@1": 71.68688230008986,
  "R@3": 87.3539982030548,
  "R@5": 91.72843665768194,
  "R@10": 95.88948787061994,
  "R@100": 99.12398921832884,
  "AP": 81.46490126327139
}