nDCG@1,nDCG@1_std,nDCG@1_stderr,nDCG@1_ci90_low,nDCG@1_ci90_high,nDCG@1_ci95_low,nDCG@1_ci95_high,nDCG@3,nDCG@3_std,nDCG@3_stderr,nDCG@3_ci90_low,nDCG@3_ci90_high,nDCG@3_ci95_low,nDCG@3_ci95_high,nDCG@5,nDCG@5_std,nDCG@5_stderr,nDCG@5_ci90_low,nDCG@5_ci90_high,nDCG@5_ci95_low,nDCG@5_ci95_high,nDCG@10,nDCG@10_std,nDCG@10_stderr,nDCG@10_ci90_low,nDCG@10_ci90_high,nDCG@10_ci95_low,nDCG@10_ci95_high,nDCG@100,nDCG@100_std,nDCG@100_stderr,nDCG@100_ci90_low,nDCG@100_ci90_high,nDCG@100_ci95_low,nDCG@100_ci95_high,RR@1,RR@3,RR@5,RR@10,RR@100,P@1,P@3,P@5,P@10,P@100,R@1,R@3,R@5,R@10,R@100,AP
73.92183288409704,43.92090399299716,1.1401298595949243,72.0453139395924,75.79835182860168,71.68539415623412,76.15827161195996,81.7934331663807,33.378440391133,0.8664611402968323,80.36734057634733,83.21952575641406,80.09381339584282,83.49305293691857,83.65770814273087,29.96063984348205,0.7777394587226545,82.37764095047228,84.93777533498945,82.13212170971484,85.1832945757469,85.04170641186003,26.833051655867134,0.6965513146492838,83.89526530538521,86.18814751833486,83.67537579353997,86.4080370301801,85.80313019232655,24.841225208647995,0.6448460763425427,84.74178979468431,86.86447058996879,84.53822275524276,87.06803762941034,73.92183288409704,80.45822102425878,81.42857142857149,81.94976575535878,82.09311516425171,73.92183288409704,30.615453728660786,19.393530997304122,10.1482479784364,1.0545822102425688,71.68688230008986,87.3539982030548,91.72843665768194,95.88948787061994,99.12398921832884,81.46490126327139
