{
  "nDCG@1": 65.90296495956873,
  "nDCG@1_std": 47.41952068482496,
  "nDCG@1_stderr": 1.2309494237429228,
  "nDCG@1_ci90_low": 63.87696775061804,
  "nDCG@1_ci90_high": 67.92896216851943,
  "nDCG@1_ci95_low": 63.488377761337375,
  "nDCG@1_ci95_high": 68.3175521578001,
  "nDCG@3": 74.71338818145806,
  "nDCG@3_std": 38.472822718934076,
  "nDCG@3_stderr": 0.9987047163635906,
  "nDCG@3_ci90_low": 73.06963830116963,
  "nDCG@3_ci90_high": 76.35713806174648,
  "nDCG@3_ci95_low": 72.7543640522519,
  "nDCG@3_ci95_high": 76.67241231066421,
  "nDCG@5": 77.0097799951557,
  "nDCG@5_std": 35.25827206672116,
  "nDCG@5_stderr": 0.9152591391880243,
  "nDCG@5_ci90_low": 75.5033716686274,
  "nDCG@5_ci90_high": 78.516188321684,
  "nDCG@5_ci95_low": 75.21443978221028,
  "nDCG@5_ci95_high": 78.80512020810112,
  "nDCG@10": 78.82095568906892,
  "nDCG@10_std": 32.09517850963909,
  "nDCG@10_stderr": 0.8331493216465503,
  "nDCG@10_ci90_low": 77.4496904138779,
  "nDCG@10_ci90_high": 80.19222096425995,
  "nDCG@10_ci95_low": 77.18667921315496,
  "nDCG@10_ci95_high": 80.45523216498289,
  "nDCG@100": 80.21429501403817,
  "nDCG@100_std": 29.115398307540417,
  "nDCG@100_stderr": 0.7557980816997547,
  "nDCG@100_ci90_low": 78.97034073409874,
  "nDCG@100_ci90_high": 81.4582492939776,
  "nDCG@100_ci95_low": 78.73174801631426,
  "nDCG@100_ci95_high": 81.69684201176209,
  "RR@1": 65.90296495956873,
  "RR@3": 73.12443845462718,
  "RR@5": 74.33737646001805,
  "RR@10": 75.0369550335858,
  "RR@100": 75.3103824496057,
  "P@1": 65.90296495956873,
  "P@3": 28.324348607367078,
  "P@5": 18.234501347708488,
  "P@10": 9.716981132075238,
  "P@100": 1.0411051212937819,
  "R@1": 64.03863432165319,
  "R@3": 80.81199460916442,
  "R@5": 86.23090745732256,
  "R@10": 91.62174303683737,
  "R@100": 97.92228212039532,
  "AP": 74.75818011319929
}