nDCG@1,nDCG@1_std,nDCG@1_stderr,nDCG@1_ci90_low,nDCG@1_ci90_high,nDCG@1_ci95_low,nDCG@1_ci95_high,nDCG@3,nDCG@3_std,nDCG@3_stderr,nDCG@3_ci90_low,nDCG@3_ci90_high,nDCG@3_ci95_low,nDCG@3_ci95_high,nDCG@5,nDCG@5_std,nDCG@5_stderr,nDCG@5_ci90_low,nDCG@5_ci90_high,nDCG@5_ci95_low,nDCG@5_ci95_high,nDCG@10,nDCG@10_std,nDCG@10_stderr,nDCG@10_ci90_low,nDCG@10_ci90_high,nDCG@10_ci95_low,nDCG@10_ci95_high,nDCG@100,nDCG@100_std,nDCG@100_stderr,nDCG@100_ci90_low,nDCG@100_ci90_high,nDCG@100_ci95_low,nDCG@100_ci95_high,RR@1,RR@3,RR@5,RR@10,RR@100,P@1,P@3,P@5,P@10,P@100,R@1,R@3,R@5,R@10,R@100,AP
65.90296495956873,47.41952068482496,1.2309494237429228,63.87696775061804,67.92896216851943,63.488377761337375,68.3175521578001,74.71338818145806,38.472822718934076,0.9987047163635906,73.06963830116963,76.35713806174648,72.7543640522519,76.67241231066421,77.0097799951557,35.25827206672116,0.9152591391880243,75.5033716686274,78.516188321684,75.21443978221028,78.80512020810112,78.82095568906892,32.09517850963909,0.8331493216465503,77.4496904138779,80.19222096425995,77.18667921315496,80.45523216498289,80.21429501403817,29.115398307540417,0.7557980816997547,78.97034073409874,81.4582492939776,78.73174801631426,81.69684201176209,65.90296495956873,73.12443845462718,74.33737646001805,75.0369550335858,75.3103824496057,65.90296495956873,28.324348607367078,18.234501347708488,9.716981132075238,1.0411051212937819,64.03863432165319,80.81199460916442,86.23090745732256,91.62174303683737,97.92228212039532,74.75818011319929
