{
  "nDCG@1": 68.26145552560648,
  "nDCG@1_std": 46.561573697084874,
  "nDCG@1_stderr": 1.2086782296247882,
  "nDCG@1_ci90_low": 66.27211406891743,
  "nDCG@1_ci90_high": 70.25079698229553,
  "nDCG@1_ci95_low": 65.89055472030869,
  "nDCG@1_ci95_high": 70.63235633090427,
  "nDCG@3": 77.26063722933846,
  "nDCG@3_std": 36.570884117195185,
  "nDCG@3_stderr": 0.9493328502630096,
  "nDCG@3_ci90_low": 75.69814760311986,
  "nDCG@3_ci90_high": 78.82312685555705,
  "nDCG@3_ci95_low": 75.398459220322,
  "nDCG@3_ci95_high": 79.12281523835492,
  "nDCG@5": 79.53068113284533,
  "nDCG@5_std": 33.19355606304585,
  "nDCG@5_stderr": 0.8616617822723045,
  "nDCG@5_ci90_low": 78.11248771866347,
  "nDCG@5_ci90_high": 80.94887454702719,
  "nDCG@5_ci95_low": 77.84047561460916,
  "nDCG@5_ci95_high": 81.2208866510815,
  "nDCG@10": 81.07893815895056,
  "nDCG@10_std": 30.19608564294557,
  "nDCG@10_stderr": 0.7838513271470238,
  "nDCG@10_ci90_low": 79.78881155390832,
  "nDCG@10_ci90_high": 82.36906476399281,
  "nDCG@10_ci95_low": 79.54136289928567,
  "nDCG@10_ci95_high": 82.61651341861545,
  "nDCG@100": 82.23124849704946,
  "nDCG@100_std": 27.5089952182442,
  "nDCG@100_stderr": 0.7140979352513991,
  "nDCG@100_ci90_low": 81.05592772770571,
  "nDCG@100_ci90_high": 83.40656926639322,
  "nDCG@100_ci95_low": 80.83049904342968,
  "nDCG@100_ci95_high": 83.63199795066924,
  "RR@1": 68.26145552560648,
  "RR@3": 75.69631626235403,
  "RR@5": 76.79469901168025,
  "RR@10": 77.40175630000435,
  "RR@100": 77.63709009649462,
  "P@1": 68.26145552560648,
  "P@3": 29.26774483378212,
  "P@5": 18.814016172506285,
  "P@10": 9.912398921832633,
  "P@100": 1.0478436657681751,
  "R@1": 66.26235399820305,
  "R@3": 83.44002695417791,
  "R@5": 88.82524707996406,
  "R@10": 93.4579964061096,
  "R@100": 98.51752021563343,
  "AP": 77.11128268841651
}