nDCG@1,nDCG@1_std,nDCG@1_stderr,nDCG@1_ci90_low,nDCG@1_ci90_high,nDCG@1_ci95_low,nDCG@1_ci95_high,nDCG@3,nDCG@3_std,nDCG@3_stderr,nDCG@3_ci90_low,nDCG@3_ci90_high,nDCG@3_ci95_low,nDCG@3_ci95_high,nDCG@5,nDCG@5_std,nDCG@5_stderr,nDCG@5_ci90_low,nDCG@5_ci90_high,nDCG@5_ci95_low,nDCG@5_ci95_high,nDCG@10,nDCG@10_std,nDCG@10_stderr,nDCG@10_ci90_low,nDCG@10_ci90_high,nDCG@10_ci95_low,nDCG@10_ci95_high,nDCG@100,nDCG@100_std,nDCG@100_stderr,nDCG@100_ci90_low,nDCG@100_ci90_high,nDCG@100_ci95_low,nDCG@100_ci95_high,RR@1,RR@3,RR@5,RR@10,RR@100,P@1,P@3,P@5,P@10,P@100,R@1,R@3,R@5,R@10,R@100,AP
68.26145552560648,46.561573697084874,1.2086782296247882,66.27211406891743,70.25079698229553,65.89055472030869,70.63235633090427,77.26063722933846,36.570884117195185,0.9493328502630096,75.69814760311986,78.82312685555705,75.398459220322,79.12281523835492,79.53068113284533,33.19355606304585,0.8616617822723045,78.11248771866347,80.94887454702719,77.84047561460916,81.2208866510815,81.07893815895056,30.19608564294557,0.7838513271470238,79.78881155390832,82.36906476399281,79.54136289928567,82.61651341861545,82.23124849704946,27.5089952182442,0.7140979352513991,81.05592772770571,83.40656926639322,80.83049904342968,83.63199795066924,68.26145552560648,75.69631626235403,76.79469901168025,77.40175630000435,77.63709009649462,68.26145552560648,29.26774483378212,18.814016172506285,9.912398921832633,1.0478436657681751,66.26235399820305,83.44002695417791,88.82524707996406,93.4579964061096,98.51752021563343,77.11128268841651
