{
  "nDCG@1": 66.17250673854448,
  "nDCG@1_std": 47.328209689543,
  "nDCG@1_stderr": 1.228579108408637,
  "nDCG@1_ci90_low": 64.15041078837743,
  "nDCG@1_ci90_high": 68.19460268871154,
  "nDCG@1_ci95_low": 63.762569067703566,
  "nDCG@1_ci95_high": 68.5824444093854,
  "nDCG@3": 75.14108061851972,
  "nDCG@3_std": 37.95365099333033,
  "nDCG@3_stderr": 0.9852276898726824,
  "nDCG@3_ci90_low": 73.5195123303657,
  "nDCG@3_ci90_high": 76.76264890667375,
  "nDCG@3_ci95_low": 73.20849255159808,
  "nDCG@3_ci95_high": 77.07366868544136,
  "nDCG@5": 77.6151523062872,
  "nDCG@5_std": 34.35960371880153,
  "nDCG@5_stderr": 0.8919308712293462,
  "nDCG@5_ci90_low": 76.1471395505779,
  "nDCG@5_ci90_high": 79.0831650619965,
  "nDCG@5_ci95_low": 75.86557200523049,
  "nDCG@5_ci95_high": 79.36473260734391,
  "nDCG@10": 79.20197518496946,
  "nDCG@10_std": 31.5783871905357,
  "nDCG@10_stderr": 0.8197340874295322,
  "nDCG@10_ci90_low": 77.85278979913608,
  "nDCG@10_ci90_high": 80.55116057080284,
  "nDCG@10_ci95_low": 77.59401356178373,
  "nDCG@10_ci95_high": 80.80993680815519,
  "nDCG@100": 80.60564688250403,
  "nDCG@100_std": 28.533364375161824,
  "nDCG@100_stderr": 0.7406892336280463,
  "nDCG@100_ci90_low": 79.38655998008095,
  "nDCG@100_ci90_high": 81.82473378492712,
  "nDCG@100_ci95_low": 79.15273687102042,
  "nDCG@100_ci95_high": 82.05855689398764,
  "RR@1": 66.17250673854448,
  "RR@3": 73.56244384546277,
  "RR@5": 74.84613656783479,
  "RR@10": 75.45410302485782,
  "RR@100": 75.74819308642815,
  "P@1": 66.17250673854448,
  "P@3": 28.526504941598873,
  "P@5": 18.423180592991486,
  "P@10": 9.743935309972802,
  "P@100": 1.0431266846361,
  "R@1": 64.22394429469901,
  "R@3": 81.50831087151842,
  "R@5": 87.40453728661275,
  "R@10": 92.05974842767294,
  "R@100": 98.20867026055706,
  "AP": 75.09901656114032
}