nDCG@1,nDCG@1_std,nDCG@1_stderr,nDCG@1_ci90_low,nDCG@1_ci90_high,nDCG@1_ci95_low,nDCG@1_ci95_high,nDCG@3,nDCG@3_std,nDCG@3_stderr,nDCG@3_ci90_low,nDCG@3_ci90_high,nDCG@3_ci95_low,nDCG@3_ci95_high,nDCG@5,nDCG@5_std,nDCG@5_stderr,nDCG@5_ci90_low,nDCG@5_ci90_high,nDCG@5_ci95_low,nDCG@5_ci95_high,nDCG@10,nDCG@10_std,nDCG@10_stderr,nDCG@10_ci90_low,nDCG@10_ci90_high,nDCG@10_ci95_low,nDCG@10_ci95_high,nDCG@100,nDCG@100_std,nDCG@100_stderr,nDCG@100_ci90_low,nDCG@100_ci90_high,nDCG@100_ci95_low,nDCG@100_ci95_high,RR@1,RR@3,RR@5,RR@10,RR@100,P@1,P@3,P@5,P@10,P@100,R@1,R@3,R@5,R@10,R@100,AP
66.17250673854448,47.328209689543,1.228579108408637,64.15041078837743,68.19460268871154,63.762569067703566,68.5824444093854,75.14108061851972,37.95365099333033,0.9852276898726824,73.5195123303657,76.76264890667375,73.20849255159808,77.07366868544136,77.6151523062872,34.35960371880153,0.8919308712293462,76.1471395505779,79.0831650619965,75.86557200523049,79.36473260734391,79.20197518496946,31.5783871905357,0.8197340874295322,77.85278979913608,80.55116057080284,77.59401356178373,80.80993680815519,80.60564688250403,28.533364375161824,0.7406892336280463,79.38655998008095,81.82473378492712,79.15273687102042,82.05855689398764,66.17250673854448,73.56244384546277,74.84613656783479,75.45410302485782,75.74819308642815,66.17250673854448,28.526504941598873,18.423180592991486,9.743935309972802,1.0431266846361,64.22394429469901,81.50831087151842,87.40453728661275,92.05974842767294,98.20867026055706,75.09901656114032
