nDCG@1,nDCG@1_std,nDCG@1_stderr,nDCG@1_ci90_low,nDCG@1_ci90_high,nDCG@1_ci95_low,nDCG@1_ci95_high,nDCG@3,nDCG@3_std,nDCG@3_stderr,nDCG@3_ci90_low,nDCG@3_ci90_high,nDCG@3_ci95_low,nDCG@3_ci95_high,nDCG@5,nDCG@5_std,nDCG@5_stderr,nDCG@5_ci90_low,nDCG@5_ci90_high,nDCG@5_ci95_low,nDCG@5_ci95_high,nDCG@10,nDCG@10_std,nDCG@10_stderr,nDCG@10_ci90_low,nDCG@10_ci90_high,nDCG@10_ci95_low,nDCG@10_ci95_high,nDCG@100,nDCG@100_std,nDCG@100_stderr,nDCG@100_ci90_low,nDCG@100_ci90_high,nDCG@100_ci95_low,nDCG@100_ci95_high,RR@1,RR@3,RR@5,RR@10,RR@100,P@1,P@3,P@5,P@10,P@100,R@1,R@3,R@5,R@10,R@100,AP
64.15094339622641,47.97188284064564,1.245288030873181,62.10134653527879,66.20054025717403,61.7082300893594,66.59365670309343,73.71432052367142,38.60224241562499,1.0020642842959937,72.06504119178813,75.36359985555471,71.7487063838891,75.67993466345374,76.07579841644679,35.414983220198465,0.9193271580393558,74.56269461187546,77.58890222101812,74.27247852046068,77.8791183124329,77.91581179203494,32.25306013132031,0.8372477243385515,76.53780103059161,79.29382255347828,76.27349603320454,79.55812755086535,79.27170861883255,29.43556724917259,0.7641092533124325,78.01407513309829,80.52934210456681,77.77285871849445,80.77055851917065,64.15094339622641,71.933962264151,73.16711590296507,73.85289650451381,74.11417106554346,64.15094339622641,28.189577717879217,18.194070080862122,9.71698113207523,1.0397574123989033,62.34838274932615,80.52560646900271,86.03998203054807,91.58805031446539,97.7088948787062,73.55681139357549
