{
  "nDCG@1": 64.15094339622641,
  "nDCG@1_std": 47.97188284064564,
  "nDCG@1_stderr": 1.245288030873181,
  "nDCG@1_ci90_low": 62.10134653527879,
  "nDCG@1_ci90_high": 66.20054025717403,
  "nDCG@1_ci95_low": 61.7082300893594,
  "nDCG@1_ci95_high": 66.59365670309343,
  "nDCG@3": 73.71432052367142,
  "nDCG@3_std": 38.60224241562499,
  "nDCG@3_stderr": 1.0020642842959937,
  "nDCG@3_ci90_low": 72.06504119178813,
  "nDCG@3_ci90_high": 75.36359985555471,
  "nDCG@3_ci95_low": 71.7487063838891,
  "nDCG@3_ci95_high": 75.67993466345374,
  "nDCG@5": 76.07579841644679,
  "nDCG@5_std": 35.414983220198465,
  "nDCG@5_stderr": 0.9193271580393558,
  "nDCG@5_ci90_low": 74.56269461187546,
  "nDCG@5_ci90_high": 77.58890222101812,
  "nDCG@5_ci95_low": 74.27247852046068,
  "nDCG@5_ci95_high": 77.8791183124329,
  "nDCG@10": 77.91581179203494,
  "nDCG@10_std": 32.25306013132031,
  "nDCG@10_stderr": 0.8372477243385515,
  "nDCG@10_ci90_low": 76.53780103059161,
  "nDCG@10_ci90_high": 79.29382255347828,
  "nDCG@10_ci95_low": 76.27349603320454,
  "nDCG@10_ci95_high": 79.55812755086535,
  "nDCG@100": 79.27170861883255,
  "nDCG@100_std": 29.43556724917259,
  "nDCG@100_stderr": 0.7641092533124325,
  "nDCG@100_ci90_low": 78.01407513309829,
  "nDCG@100_ci90_high": 80.52934210456681,
  "nDCG@100_ci95_low": 77.77285871849445,
  "nDCG@100_ci95_high": 80.77055851917065,
  "RR@1": 64.15094339622641,
  "RR@3": 71.933962264151,
  "RR@5": 73.16711590296507,
  "RR@10": 73.85289650451381,
  "RR@100": 74.11417106554346,
  "P@1": 64.15094339622641,
  "P@3": 28.189577717879217,
  "P@5": 18.194070080862122,
  "P@10": 9.71698113207523,
  "P@100": 1.0397574123989033,
  "R@1": 62.34838274932615,
  "R@3": 80.52560646900271,
  "R@5": 86.03998203054807,
  "R@10": 91.58805031446539,
  "R@100": 97.7088948787062,
  "AP": 73.55681139357549
}