{
  "nDCG@1": 64.35309973045821,
  "nDCG@1_std": 47.91174579219442,
  "nDCG@1_stderr": 1.2437269508776947,
  "nDCG@1_ci90_low": 62.30607222260732,
  "nDCG@1_ci90_high": 66.40012723830911,
  "nDCG@1_ci95_low": 61.91344858333538,
  "nDCG@1_ci95_high": 66.79275087758104,
  "nDCG@3": 74.2078055068662,
  "nDCG@3_std": 38.09837231469006,
  "nDCG@3_stderr": 0.9889844681900999,
  "nDCG@3_ci90_low": 72.58005400578813,
  "nDCG@3_ci90_high": 75.83555700794426,
  "nDCG@3_ci95_low": 72.26784827541442,
  "nDCG@3_ci95_high": 76.14776273831797,
  "nDCG@5": 76.58373538607522,
  "nDCG@5_std": 34.767662126524876,
  "nDCG@5_stderr": 0.9025235397039825,
  "nDCG@5_ci90_low": 75.09828835049137,
  "nDCG@5_ci90_high": 78.06918242165906,
  "nDCG@5_ci95_low": 74.81337687821275,
  "nDCG@5_ci95_high": 78.35409389393769,
  "nDCG@10": 78.0859571406986,
  "nDCG@10_std": 32.22963524864315,
  "nDCG@10_stderr": 0.8366396446824043,
  "nDCG@10_ci90_low": 76.70894720647237,
  "nDCG@10_ci90_high": 79.46296707492482,
  "nDCG@10_ci95_low": 76.44483416958548,
  "nDCG@10_ci95_high": 79.72708011181172,
  "nDCG@100": 79.65037206681365,
  "nDCG@100_std": 28.92352645504627,
  "nDCG@100_stderr": 0.7508173365794073,
  "nDCG@100_ci90_low": 78.41461550443894,
  "nDCG@100_ci90_high": 80.88612862918835,
  "nDCG@100_ci95_low": 78.17759512395412,
  "nDCG@100_ci95_high": 81.12314900967317,
  "RR@1": 64.35309973045821,
  "RR@3": 72.42812219227321,
  "RR@5": 73.68149146451046,
  "RR@10": 74.25020322594453,
  "RR@100": 74.56222345298394,
  "P@1": 64.35309973045821,
  "P@3": 28.36927223719638,
  "P@5": 18.288409703503625,
  "P@10": 9.65633423180569,
  "P@100": 1.0431266846360998,
  "R@1": 62.4719227313567,
  "R@3": 81.15453728661275,
  "R@5": 86.75314465408805,
  "R@10": 91.15004492362982,
  "R@100": 98.12443845462714,
  "AP": 73.9045304853557
}