nDCG@1,nDCG@1_std,nDCG@1_stderr,nDCG@1_ci90_low,nDCG@1_ci90_high,nDCG@1_ci95_low,nDCG@1_ci95_high,nDCG@3,nDCG@3_std,nDCG@3_stderr,nDCG@3_ci90_low,nDCG@3_ci90_high,nDCG@3_ci95_low,nDCG@3_ci95_high,nDCG@5,nDCG@5_std,nDCG@5_stderr,nDCG@5_ci90_low,nDCG@5_ci90_high,nDCG@5_ci95_low,nDCG@5_ci95_high,nDCG@10,nDCG@10_std,nDCG@10_stderr,nDCG@10_ci90_low,nDCG@10_ci90_high,nDCG@10_ci95_low,nDCG@10_ci95_high,nDCG@100,nDCG@100_std,nDCG@100_stderr,nDCG@100_ci90_low,nDCG@100_ci90_high,nDCG@100_ci95_low,nDCG@100_ci95_high,RR@1,RR@3,RR@5,RR@10,RR@100,P@1,P@3,P@5,P@10,P@100,R@1,R@3,R@5,R@10,R@100,AP
64.35309973045821,47.91174579219442,1.2437269508776947,62.30607222260732,66.40012723830911,61.91344858333538,66.79275087758104,74.2078055068662,38.09837231469006,0.9889844681900999,72.58005400578813,75.83555700794426,72.26784827541442,76.14776273831797,76.58373538607522,34.767662126524876,0.9025235397039825,75.09828835049137,78.06918242165906,74.81337687821275,78.35409389393769,78.0859571406986,32.22963524864315,0.8366396446824043,76.70894720647237,79.46296707492482,76.44483416958548,79.72708011181172,79.65037206681365,28.92352645504627,0.7508173365794073,78.41461550443894,80.88612862918835,78.17759512395412,81.12314900967317,64.35309973045821,72.42812219227321,73.68149146451046,74.25020322594453,74.56222345298394,64.35309973045821,28.36927223719638,18.288409703503625,9.65633423180569,1.0431266846360998,62.4719227313567,81.15453728661275,86.75314465408805,91.15004492362982,98.12443845462714,73.9045304853557
