nDCG@1,nDCG@1_std,nDCG@1_stderr,nDCG@1_ci90_low,nDCG@1_ci90_high,nDCG@1_ci95_low,nDCG@1_ci95_high,nDCG@3,nDCG@3_std,nDCG@3_stderr,nDCG@3_ci90_low,nDCG@3_ci90_high,nDCG@3_ci95_low,nDCG@3_ci95_high,nDCG@5,nDCG@5_std,nDCG@5_stderr,nDCG@5_ci90_low,nDCG@5_ci90_high,nDCG@5_ci95_low,nDCG@5_ci95_high,nDCG@10,nDCG@10_std,nDCG@10_stderr,nDCG@10_ci90_low,nDCG@10_ci90_high,nDCG@10_ci95_low,nDCG@10_ci95_high,nDCG@100,nDCG@100_std,nDCG@100_stderr,nDCG@100_ci90_low,nDCG@100_ci90_high,nDCG@100_ci95_low,nDCG@100_ci95_high,RR@1,RR@3,RR@5,RR@10,RR@100,P@1,P@3,P@5,P@10,P@100,R@1,R@3,R@5,R@10,R@100,AP
67.31805929919138,46.92087337997418,1.218005184668118,65.31336677728282,69.32275182109993,64.92886306614349,69.70725553223926,76.8159386119571,36.73830418575043,0.953678858698667,75.24629596970804,78.38558125420614,74.94523562528539,78.6866415986288,78.8927419978269,33.51745878330097,0.8700698779486996,77.46070985230125,80.32477414335256,77.18604345413401,80.5994405415198,80.1846442533847,31.079641829129752,0.8067873029333832,78.85676774405603,81.51252076271338,78.60207858839163,81.76720991837777,81.48866305394961,28.18067686085088,0.7315339219287167,80.28464471209622,82.69268139580299,80.05371178065509,82.92361432724412,67.11590296495957,74.84276729559758,75.91419586702618,76.43921405040017,76.68529371016713,67.31805929919138,29.335130278526066,18.706199460915997,9.784366576819163,1.0444743935309786,65.33580413297395,83.51864330637915,88.50516621743036,92.41913746630726,98.18059299191376,76.28017674750002
