{
  "nDCG@1": 67.31805929919138,
  "nDCG@1_std": 46.92087337997418,
  "nDCG@1_stderr": 1.218005184668118,
  "nDCG@1_ci90_low": 65.31336677728282,
  "nDCG@1_ci90_high": 69.32275182109993,
  "nDCG@1_ci95_low": 64.92886306614349,
  "nDCG@1_ci95_high": 69.70725553223926,
  "nDCG@3": 76.8159386119571,
  "nDCG@3_std": 36.73830418575043,
  "nDCG@3_stderr": 0.953678858698667,
  "nDCG@3_ci90_low": 75.24629596970804,
  "nDCG@3_ci90_high": 78.38558125420614,
  "nDCG@3_ci95_low": 74.94523562528539,
  "nDCG@3_ci95_high": 78.6866415986288,
  "nDCG@5": 78.8927419978269,
  "nDCG@5_std": 33.51745878330097,
  "nDCG@5_stderr": 0.8700698779486996,
  "nDCG@5_ci90_low": 77.46070985230125,
  "nDCG@5_ci90_high": 80.32477414335256,
  "nDCG@5_ci95_low": 77.18604345413401,
  "nDCG@5_ci95_high": 80.5994405415198,
  "nDCG@10": 80.1846442533847,
  "nDCG@10_std": 31.079641829129752,
  "nDCG@10_stderr": 0.8067873029333832,
  "nDCG@10_ci90_low": 78.85676774405603,
  "nDCG@10_ci90_high": 81.51252076271338,
  "nDCG@10_ci95_low": 78.60207858839163,
  "nDCG@10_ci95_high": 81.76720991837777,
  "nDCG@100": 81.48866305394961,
  "nDCG@100_std": 28.18067686085088,
  "nDCG@100_stderr": 0.7315339219287167,
  "nDCG@100_ci90_low": 80.28464471209622,
  "nDCG@100_ci90_high": 82.69268139580299,
  "nDCG@100_ci95_low": 80.05371178065509,
  "nDCG@100_ci95_high": 82.92361432724412,
  "RR@1": 67.11590296495957,
  "RR@3": 74.84276729559758,
  "RR@5": 75.91419586702618,
  "RR@10": 76.43921405040017,
  "RR@100": 76.68529371016713,
  "P@1": 67.31805929919138,
  "P@3": 29.335130278526066,
  "P@5": 18.706199460915997,
  "P@10": 9.784366576819163,
  "P@100": 1.0444743935309786,
  "R@1": 65.33580413297395,
  "R@3": 83.51864330637915,
  "R@5": 88.50516621743036,
  "R@10": 92.41913746630726,
  "R@100": 98.18059299191376,
  "AP": 76.28017674750002
}