{
  "nDCG@1": 74.32614555256065,
  "nDCG@1_std": 43.69811648948535,
  "nDCG@1_stderr": 1.1343465841610005,
  "nDCG@1_ci90_low": 72.45914519562892,
  "nDCG@1_ci90_high": 76.19314590949237,
  "nDCG@1_ci95_low": 72.10105109486614,
  "nDCG@1_ci95_high": 76.55124001025516,
  "nDCG@3": 82.15918634366716,
  "nDCG@3_std": 32.959005187092785,
  "nDCG@3_stderr": 0.855573144904757,
  "nDCG@3_ci90_low": 80.75101410669618,
  "nDCG@3_ci90_high": 83.56735858063814,
  "nDCG@3_ci95_low": 80.4809240828539,
  "nDCG@3_ci95_high": 83.83744860448041,
  "nDCG@5": 84.07386690552026,
  "nDCG@5_std": 29.359276083419854,
  "nDCG@5_stderr": 0.7621288333258159,
  "nDCG@5_ci90_low": 82.81949295692705,
  "nDCG@5_ci90_high": 85.32824085411347,
  "nDCG@5_ci95_low": 82.5789017275392,
  "nDCG@5_ci95_high": 85.56883208350132,
  "nDCG@10": 85.29810607687084,
  "nDCG@10_std": 26.600322217942818,
  "nDCG@10_stderr": 0.6905099594570827,
  "nDCG@10_ci90_low": 84.16160832673673,
  "nDCG@10_ci90_high": 86.43460382700495,
  "nDCG@10_ci95_low": 83.94362596891757,
  "nDCG@10_ci95_high": 86.6525861848241,
  "nDCG@100": 86.00091139081391,
  "nDCG@100_std": 24.712764636921403,
  "nDCG@100_stderr": 0.6415114060536643,
  "nDCG@100_ci90_low": 84.94505946618911,
  "nDCG@100_ci90_high": 87.05676331543872,
  "nDCG@100_ci95_low": 84.74254512596234,
  "nDCG@100_ci95_high": 87.25927765566549,
  "RR@1": 74.25876010781671,
  "RR@3": 80.78391734052116,
  "RR@5": 81.77448337825706,
  "RR@10": 82.21457450904897,
  "RR@100": 82.34678376580416,
  "P@1": 74.32614555256065,
  "P@3": 30.7726864330633,
  "P@5": 19.514824797843197,
  "P@10": 10.168463611859583,
  "P@100": 1.0539083557951294,
  "R@1": 72.04627133872418,
  "R@3": 87.81446540880502,
  "R@5": 92.33490566037736,
  "R@10": 96.02425876010781,
  "R@100": 99.05660377358491,
  "AP": 81.72426290946808
}