nDCG@1,nDCG@1_std,nDCG@1_stderr,nDCG@1_ci90_low,nDCG@1_ci90_high,nDCG@1_ci95_low,nDCG@1_ci95_high,nDCG@3,nDCG@3_std,nDCG@3_stderr,nDCG@3_ci90_low,nDCG@3_ci90_high,nDCG@3_ci95_low,nDCG@3_ci95_high,nDCG@5,nDCG@5_std,nDCG@5_stderr,nDCG@5_ci90_low,nDCG@5_ci90_high,nDCG@5_ci95_low,nDCG@5_ci95_high,nDCG@10,nDCG@10_std,nDCG@10_stderr,nDCG@10_ci90_low,nDCG@10_ci90_high,nDCG@10_ci95_low,nDCG@10_ci95_high,nDCG@100,nDCG@100_std,nDCG@100_stderr,nDCG@100_ci90_low,nDCG@100_ci90_high,nDCG@100_ci95_low,nDCG@100_ci95_high,RR@1,RR@3,RR@5,RR@10,RR@100,P@1,P@3,P@5,P@10,P@100,R@1,R@3,R@5,R@10,R@100,AP
74.32614555256065,43.69811648948535,1.1343465841610005,72.45914519562892,76.19314590949237,72.10105109486614,76.55124001025516,82.15918634366716,32.959005187092785,0.855573144904757,80.75101410669618,83.56735858063814,80.4809240828539,83.83744860448041,84.07386690552026,29.359276083419854,0.7621288333258159,82.81949295692705,85.32824085411347,82.5789017275392,85.56883208350132,85.29810607687084,26.600322217942818,0.6905099594570827,84.16160832673673,86.43460382700495,83.94362596891757,86.6525861848241,86.00091139081391,24.712764636921403,0.6415114060536643,84.94505946618911,87.05676331543872,84.74254512596234,87.25927765566549,74.25876010781671,80.78391734052116,81.77448337825706,82.21457450904897,82.34678376580416,74.32614555256065,30.7726864330633,19.514824797843197,10.168463611859583,1.0539083557951294,72.04627133872418,87.81446540880502,92.33490566037736,96.02425876010781,99.05660377358491,81.72426290946808
