nDCG@1,nDCG@1_std,nDCG@1_stderr,nDCG@1_ci90_low,nDCG@1_ci90_high,nDCG@1_ci95_low,nDCG@1_ci95_high,nDCG@3,nDCG@3_std,nDCG@3_stderr,nDCG@3_ci90_low,nDCG@3_ci90_high,nDCG@3_ci95_low,nDCG@3_ci95_high,nDCG@5,nDCG@5_std,nDCG@5_stderr,nDCG@5_ci90_low,nDCG@5_ci90_high,nDCG@5_ci95_low,nDCG@5_ci95_high,nDCG@10,nDCG@10_std,nDCG@10_stderr,nDCG@10_ci90_low,nDCG@10_ci90_high,nDCG@10_ci95_low,nDCG@10_ci95_high,nDCG@100,nDCG@100_std,nDCG@100_stderr,nDCG@100_ci90_low,nDCG@100_ci90_high,nDCG@100_ci95_low,nDCG@100_ci95_high,RR@1,RR@3,RR@5,RR@10,RR@100,P@1,P@3,P@5,P@10,P@100,R@1,R@3,R@5,R@10,R@100,AP
53.16711590296496,49.916413985812426,1.2957655443112117,51.03443902315738,55.299792782772535,50.6253876768859,55.70884412904402,61.961239931422526,43.99831600518059,1.1421393753051594,60.08141356165593,63.84106630118912,59.720859408052014,64.20162045479304,64.61082107741782,41.48649570065949,1.076935769031984,62.838312134163594,66.38333002067205,62.49834166025767,66.72330049457797,66.99002321349303,38.72059680125885,1.005136611065422,65.33568719500687,68.6443592319792,65.01838250532118,68.96166392166488,69.89614412699127,34.31532465253547,0.8907814439403959,68.43002319269591,71.36226506128664,68.14881850217363,71.64346975180892,53.16711590296496,60.38858939802342,61.79357592093453,62.73312155050708,63.31948251914614,53.16711590296496,23.854447439352914,15.700808625336634,8.632075471697929,1.0094339622641328,51.538634321653184,68.2726864330638,74.66307277628033,81.82839173405212,95.01909254267744,62.61641941500701
