{
  "nDCG@1": 53.16711590296496,
  "nDCG@1_std": 49.916413985812426,
  "nDCG@1_stderr": 1.2957655443112117,
  "nDCG@1_ci90_low": 51.03443902315738,
  "nDCG@1_ci90_high": 55.299792782772535,
  "nDCG@1_ci95_low": 50.6253876768859,
  "nDCG@1_ci95_high": 55.70884412904402,
  "nDCG@3": 61.961239931422526,
  "nDCG@3_std": 43.99831600518059,
  "nDCG@3_stderr": 1.1421393753051594,
  "nDCG@3_ci90_low": 60.08141356165593,
  "nDCG@3_ci90_high": 63.84106630118912,
  "nDCG@3_ci95_low": 59.720859408052014,
  "nDCG@3_ci95_high": 64.20162045479304,
  "nDCG@5": 64.61082107741782,
  "nDCG@5_std": 41.48649570065949,
  "nDCG@5_stderr": 1.076935769031984,
  "nDCG@5_ci90_low": 62.838312134163594,
  "nDCG@5_ci90_high": 66.38333002067205,
  "nDCG@5_ci95_low": 62.49834166025767,
  "nDCG@5_ci95_high": 66.72330049457797,
  "nDCG@10": 66.99002321349303,
  "nDCG@10_std": 38.72059680125885,
  "nDCG@10_stderr": 1.005136611065422,
  "nDCG@10_ci90_low": 65.33568719500687,
  "nDCG@10_ci90_high": 68.6443592319792,
  "nDCG@10_ci95_low": 65.01838250532118,
  "nDCG@10_ci95_high": 68.96166392166488,
  "nDCG@100": 69.89614412699127,
  "nDCG@100_std": 34.31532465253547,
  "nDCG@100_stderr": 0.8907814439403959,
  "nDCG@100_ci90_low": 68.43002319269591,
  "nDCG@100_ci90_high": 71.36226506128664,
  "nDCG@100_ci95_low": 68.14881850217363,
  "nDCG@100_ci95_high": 71.64346975180892,
  "RR@1": 53.16711590296496,
  "RR@3": 60.38858939802342,
  "RR@5": 61.79357592093453,
  "RR@10": 62.73312155050708,
  "RR@100": 63.31948251914614,
  "P@1": 53.16711590296496,
  "P@3": 23.854447439352914,
  "P@5": 15.700808625336634,
  "P@10": 8.632075471697929,
  "P@100": 1.0094339622641328,
  "R@1": 51.538634321653184,
  "R@3": 68.2726864330638,
  "R@5": 74.66307277628033,
  "R@10": 81.82839173405212,
  "R@100": 95.01909254267744,
  "AP": 62.61641941500701
}