{
  "nDCG@1": 67.04851752021564,
  "nDCG@1_std": 47.01954735287672,
  "nDCG@1_stderr": 1.2205666333780303,
  "nDCG@1_ci90_low": 65.03960915658601,
  "nDCG@1_ci90_high": 69.05742588384527,
  "nDCG@1_ci95_low": 64.65429683925414,
  "nDCG@1_ci95_high": 69.44273820117714,
  "nDCG@3": 74.75729717156547,
  "nDCG@3_std": 38.912744145915696,
  "nDCG@3_stderr": 1.0101245076059868,
  "nDCG@3_ci90_low": 73.09475166512244,
  "nDCG@3_ci90_high": 76.4198426780085,
  "nDCG@3_ci95_low": 72.77587238055428,
  "nDCG@3_ci95_high": 76.73872196257666,
  "nDCG@5": 77.09546654327012,
  "nDCG@5_std": 35.75809852582518,
  "nDCG@5_stderr": 0.9282339875821046,
  "nDCG@5_ci90_low": 75.56770315037927,
  "nDCG@5_ci90_high": 78.62322993616097,
  "nDCG@5_ci95_low": 75.27467532297456,
  "nDCG@5_ci95_high": 78.91625776356568,
  "nDCG@10": 78.82578220166288,
  "nDCG@10_std": 32.754512111390135,
  "nDCG@10_stderr": 0.8502647691544271,
  "nDCG@10_ci90_low": 77.42634692353585,
  "nDCG@10_ci90_high": 80.2252174797899,
  "nDCG@10_ci95_low": 77.15793266446191,
  "nDCG@10_ci95_high": 80.49363173886384,
  "nDCG@100": 80.36706246755749,
  "nDCG@100_std": 29.528241435170564,
  "nDCG@100_stderr": 0.7665149553145314,
  "nDCG@100_ci90_low": 79.10546948076835,
  "nDCG@100_ci90_high": 81.62865545434663,
  "nDCG@100_ci95_low": 78.86349362658301,
  "nDCG@100_ci95_high": 81.87063130853197,
  "RR@1": 66.98113207547169,
  "RR@3": 73.45013477088952,
  "RR@5": 74.62601078167127,
  "RR@10": 75.30842211098283,
  "RR@100": 75.62206435305724,
  "P@1": 67.04851752021564,
  "P@3": 28.09973045822065,
  "P@5": 18.12668463611819,
  "P@10": 9.636118598382511,
  "P@100": 1.039757412398903,
  "R@1": 65.04941599281221,
  "R@3": 80.16060197663971,
  "R@5": 85.74236298292901,
  "R@10": 90.93665768194069,
  "R@100": 97.7088948787062,
  "AP": 75.04450102044112
}