nDCG@1,nDCG@1_std,nDCG@1_stderr,nDCG@1_ci90_low,nDCG@1_ci90_high,nDCG@1_ci95_low,nDCG@1_ci95_high,nDCG@3,nDCG@3_std,nDCG@3_stderr,nDCG@3_ci90_low,nDCG@3_ci90_high,nDCG@3_ci95_low,nDCG@3_ci95_high,nDCG@5,nDCG@5_std,nDCG@5_stderr,nDCG@5_ci90_low,nDCG@5_ci90_high,nDCG@5_ci95_low,nDCG@5_ci95_high,nDCG@10,nDCG@10_std,nDCG@10_stderr,nDCG@10_ci90_low,nDCG@10_ci90_high,nDCG@10_ci95_low,nDCG@10_ci95_high,nDCG@100,nDCG@100_std,nDCG@100_stderr,nDCG@100_ci90_low,nDCG@100_ci90_high,nDCG@100_ci95_low,nDCG@100_ci95_high,RR@1,RR@3,RR@5,RR@10,RR@100,P@1,P@3,P@5,P@10,P@100,R@1,R@3,R@5,R@10,R@100,AP
67.04851752021564,47.01954735287672,1.2205666333780303,65.03960915658601,69.05742588384527,64.65429683925414,69.44273820117714,74.75729717156547,38.912744145915696,1.0101245076059868,73.09475166512244,76.4198426780085,72.77587238055428,76.73872196257666,77.09546654327012,35.75809852582518,0.9282339875821046,75.56770315037927,78.62322993616097,75.27467532297456,78.91625776356568,78.82578220166288,32.754512111390135,0.8502647691544271,77.42634692353585,80.2252174797899,77.15793266446191,80.49363173886384,80.36706246755749,29.528241435170564,0.7665149553145314,79.10546948076835,81.62865545434663,78.86349362658301,81.87063130853197,66.98113207547169,73.45013477088952,74.62601078167127,75.30842211098283,75.62206435305724,67.04851752021564,28.09973045822065,18.12668463611819,9.636118598382511,1.039757412398903,65.04941599281221,80.16060197663971,85.74236298292901,90.93665768194069,97.7088948787062,75.04450102044112
