{
  "nDCG@1": 62.331536388140165,
  "nDCG@1_std": 48.47181080186737,
  "nDCG@1_stderr": 1.2582655141309527,
  "nDCG@1_ci90_low": 60.26058012415591,
  "nDCG@1_ci90_high": 64.40249265212442,
  "nDCG@1_ci95_low": 59.86336690546684,
  "nDCG@1_ci95_high": 64.7997058708135,
  "nDCG@3": 70.65530084553005,
  "nDCG@3_std": 40.774401794236745,
  "nDCG@3_stderr": 1.0584507322559282,
  "nDCG@3_ci90_low": 68.91321608721249,
  "nDCG@3_ci90_high": 72.39738560384761,
  "nDCG@3_ci95_low": 68.5790810279094,
  "nDCG@3_ci95_high": 72.7315206631507,
  "nDCG@5": 73.06314449077801,
  "nDCG@5_std": 37.797260164113965,
  "nDCG@5_stderr": 0.9811679862248519,
  "nDCG@5_ci90_low": 71.44825799482521,
  "nDCG@5_ci90_high": 74.67803098673082,
  "nDCG@5_ci95_low": 71.13851979608565,
  "nDCG@5_ci95_high": 74.98776918547038,
  "nDCG@10": 75.20233214275247,
  "nDCG@10_std": 34.6203429898179,
  "nDCG@10_stderr": 0.8986993254602103,
  "nDCG@10_ci90_low": 73.72317931165409,
  "nDCG@10_ci90_high": 76.68148497385084,
  "nDCG@10_ci95_low": 73.43947507936709,
  "nDCG@10_ci95_high": 76.96518920613785,
  "nDCG@100": 76.82004091206468,
  "nDCG@100_std": 31.60187932602863,
  "nDCG@100_stderr": 0.8203439128817909,
  "nDCG@100_ci90_low": 75.4698518256402,
  "nDCG@100_ci90_high": 78.17022999848916,
  "nDCG@100_ci95_low": 75.21088307666928,
  "nDCG@100_ci95_high": 78.42919874746009,
  "RR@1": 62.1967654986523,
  "RR@3": 69.11500449236307,
  "RR@5": 70.43238993710705,
  "RR@10": 71.24879668848682,
  "RR@100": 71.55317033757467,
  "P@1": 62.331536388140165,
  "P@3": 26.75202156334201,
  "P@5": 17.304582210242216,
  "P@10": 9.386792452829965,
  "P@100": 1.021563342318041,
  "R@1": 60.467205750224615,
  "R@3": 76.70148247978437,
  "R@5": 82.42924528301889,
  "R@10": 88.89263252470798,
  "R@100": 96.22079964061096,
  "AP": 70.89297969271753
}