nDCG@1,nDCG@1_std,nDCG@1_stderr,nDCG@1_ci90_low,nDCG@1_ci90_high,nDCG@1_ci95_low,nDCG@1_ci95_high,nDCG@3,nDCG@3_std,nDCG@3_stderr,nDCG@3_ci90_low,nDCG@3_ci90_high,nDCG@3_ci95_low,nDCG@3_ci95_high,nDCG@5,nDCG@5_std,nDCG@5_stderr,nDCG@5_ci90_low,nDCG@5_ci90_high,nDCG@5_ci95_low,nDCG@5_ci95_high,nDCG@10,nDCG@10_std,nDCG@10_stderr,nDCG@10_ci90_low,nDCG@10_ci90_high,nDCG@10_ci95_low,nDCG@10_ci95_high,nDCG@100,nDCG@100_std,nDCG@100_stderr,nDCG@100_ci90_low,nDCG@100_ci90_high,nDCG@100_ci95_low,nDCG@100_ci95_high,RR@1,RR@3,RR@5,RR@10,RR@100,P@1,P@3,P@5,P@10,P@100,R@1,R@3,R@5,R@10,R@100,AP
62.331536388140165,48.47181080186737,1.2582655141309527,60.26058012415591,64.40249265212442,59.86336690546684,64.7997058708135,70.65530084553005,40.774401794236745,1.0584507322559282,68.91321608721249,72.39738560384761,68.5790810279094,72.7315206631507,73.06314449077801,37.797260164113965,0.9811679862248519,71.44825799482521,74.67803098673082,71.13851979608565,74.98776918547038,75.20233214275247,34.6203429898179,0.8986993254602103,73.72317931165409,76.68148497385084,73.43947507936709,76.96518920613785,76.82004091206468,31.60187932602863,0.8203439128817909,75.4698518256402,78.17022999848916,75.21088307666928,78.42919874746009,62.1967654986523,69.11500449236307,70.43238993710705,71.24879668848682,71.55317033757467,62.331536388140165,26.75202156334201,17.304582210242216,9.386792452829965,1.021563342318041,60.467205750224615,76.70148247978437,82.42924528301889,88.89263252470798,96.22079964061096,70.89297969271753
