{
  "nDCG@1": 60.17520215633423,
  "nDCG@1_std": 48.970207460989194,
  "nDCG@1_stderr": 1.2712032467668233,
  "nDCG@1_ci90_low": 58.08295191413702,
  "nDCG@1_ci90_high": 62.26745239853144,
  "nDCG@1_ci95_low": 57.68165447127975,
  "nDCG@1_ci95_high": 62.66874984138871,
  "nDCG@3": 68.51687089004221,
  "nDCG@3_std": 41.92231687788129,
  "nDCG@3_stderr": 1.08824912309395,
  "nDCG@3_ci90_low": 66.72574150364767,
  "nDCG@3_ci90_high": 70.30800027643676,
  "nDCG@3_ci95_low": 66.38219959451551,
  "nDCG@3_ci95_high": 70.65154218556891,
  "nDCG@5": 70.83053904695252,
  "nDCG@5_std": 39.34763417549632,
  "nDCG@5_stderr": 1.0214136902795503,
  "nDCG@5_ci90_low": 69.14941288061657,
  "nDCG@5_ci90_high": 72.51166521328848,
  "nDCG@5_ci95_low": 68.82696979132214,
  "nDCG@5_ci95_high": 72.8341083025829,
  "nDCG@10": 72.92254740667622,
  "nDCG@10_std": 36.43223892752317,
  "nDCG@10_stderr": 0.9457338004652307,
  "nDCG@10_ci90_low": 71.36598139088754,
  "nDCG@10_ci90_high": 74.47911342246489,
  "nDCG@10_ci95_low": 71.06742916746012,
  "nDCG@10_ci95_high": 74.77766564589231,
  "nDCG@100": 75.07239155175793,
  "nDCG@100_std": 32.60333328736284,
  "nDCG@100_stderr": 0.8463403624200062,
  "nDCG@100_ci90_low": 73.67941538310963,
  "nDCG@100_ci90_high": 76.46536772040623,
  "nDCG@100_ci95_low": 73.41223999310817,
  "nDCG@100_ci95_high": 76.73254311040769,
  "RR@1": 60.04043126684636,
  "RR@3": 67.0035938903864,
  "RR@5": 68.1862084456425,
  "RR@10": 68.99745432764306,
  "RR@100": 69.43945216481877,
  "P@1": 60.17520215633423,
  "P@3": 26.055705300988052,
  "P@5": 16.90026954177863,
  "P@10": 9.144204851751812,
  "P@100": 1.0202156334231625,
  "R@1": 58.37264150943396,
  "R@3": 74.43845462713388,
  "R@5": 79.91913746630728,
  "R@10": 86.2365229110512,
  "R@100": 96.05233602875113,
  "AP": 68.8580833327408
}