nDCG@1,nDCG@1_std,nDCG@1_stderr,nDCG@1_ci90_low,nDCG@1_ci90_high,nDCG@1_ci95_low,nDCG@1_ci95_high,nDCG@3,nDCG@3_std,nDCG@3_stderr,nDCG@3_ci90_low,nDCG@3_ci90_high,nDCG@3_ci95_low,nDCG@3_ci95_high,nDCG@5,nDCG@5_std,nDCG@5_stderr,nDCG@5_ci90_low,nDCG@5_ci90_high,nDCG@5_ci95_low,nDCG@5_ci95_high,nDCG@10,nDCG@10_std,nDCG@10_stderr,nDCG@10_ci90_low,nDCG@10_ci90_high,nDCG@10_ci95_low,nDCG@10_ci95_high,nDCG@100,nDCG@100_std,nDCG@100_stderr,nDCG@100_ci90_low,nDCG@100_ci90_high,nDCG@100_ci95_low,nDCG@100_ci95_high,RR@1,RR@3,RR@5,RR@10,RR@100,P@1,P@3,P@5,P@10,P@100,R@1,R@3,R@5,R@10,R@100,AP
60.17520215633423,48.970207460989194,1.2712032467668233,58.08295191413702,62.26745239853144,57.68165447127975,62.66874984138871,68.51687089004221,41.92231687788129,1.08824912309395,66.72574150364767,70.30800027643676,66.38219959451551,70.65154218556891,70.83053904695252,39.34763417549632,1.0214136902795503,69.14941288061657,72.51166521328848,68.82696979132214,72.8341083025829,72.92254740667622,36.43223892752317,0.9457338004652307,71.36598139088754,74.47911342246489,71.06742916746012,74.77766564589231,75.07239155175793,32.60333328736284,0.8463403624200062,73.67941538310963,76.46536772040623,73.41223999310817,76.73254311040769,60.04043126684636,67.0035938903864,68.1862084456425,68.99745432764306,69.43945216481877,60.17520215633423,26.055705300988052,16.90026954177863,9.144204851751812,1.0202156334231625,58.37264150943396,74.43845462713388,79.91913746630728,86.2365229110512,96.05233602875113,68.8580833327408
