{
  "nDCG@1": 57.07547169811321,
  "nDCG@1_std": 49.51353062428359,
  "nDCG@1_stderr": 1.2853072133422898,
  "nDCG@1_ci90_low": 54.960007994529306,
  "nDCG@1_ci90_high": 59.19093540169712,
  "nDCG@1_ci95_low": 54.55425816710232,
  "nDCG@1_ci95_high": 59.596685229124105,
  "nDCG@3": 66.60021491996288,
  "nDCG@3_std": 42.00834275213554,
  "nDCG@3_stderr": 1.090482243522224,
  "nDCG@3_ci90_low": 64.80541008137861,
  "nDCG@3_ci90_high": 68.39501975854715,
  "nDCG@3_ci95_low": 64.46116321375949,
  "nDCG@3_ci95_high": 68.73926662616627,
  "nDCG@5": 69.03887185620712,
  "nDCG@5_std": 39.34402737338133,
  "nDCG@5_stderr": 1.021320062361746,
  "nDCG@5_ci90_low": 67.35789979035368,
  "nDCG@5_ci90_high": 70.71984392206056,
  "nDCG@5_ci95_low": 67.03548625781511,
  "nDCG@5_ci95_high": 71.04225745459914,
  "nDCG@10": 71.13308153951361,
  "nDCG@10_std": 36.59917073541068,
  "nDCG@10_stderr": 0.9500671342854785,
  "nDCG@10_ci90_low": 69.56938336861285,
  "nDCG@10_ci90_high": 72.69677971041438,
  "nDCG@10_ci95_low": 69.26946318472314,
  "nDCG@10_ci95_high": 72.99669989430409,
  "nDCG@100": 73.53955332313,
  "nDCG@100_std": 32.5074384905924,
  "nDCG@100_stderr": 0.8438510575278483,
  "nDCG@100_ci90_low": 72.15067425600874,
  "nDCG@100_ci90_high": 74.92843239025125,
  "nDCG@100_ci95_low": 71.8842846976123,
  "nDCG@100_ci95_high": 75.19482194864769,
  "RR@1": 56.94070080862533,
  "RR@3": 64.8135669362085,
  "RR@5": 66.0972596585805,
  "RR@10": 66.9025692037822,
  "RR@100": 67.38422709909734,
  "P@1": 57.07547169811321,
  "P@3": 25.696316262353758,
  "P@5": 16.684636118598043,
  "P@10": 9.036388140161522,
  "P@100": 1.0249326145552378,
  "R@1": 55.31221922731358,
  "R@3": 73.51190476190477,
  "R@5": 79.34636118598382,
  "R@10": 85.61882300089849,
  "R@100": 96.52403414195867,
  "AP": 66.72465433071267
}