nDCG@1,nDCG@1_std,nDCG@1_stderr,nDCG@1_ci90_low,nDCG@1_ci90_high,nDCG@1_ci95_low,nDCG@1_ci95_high,nDCG@3,nDCG@3_std,nDCG@3_stderr,nDCG@3_ci90_low,nDCG@3_ci90_high,nDCG@3_ci95_low,nDCG@3_ci95_high,nDCG@5,nDCG@5_std,nDCG@5_stderr,nDCG@5_ci90_low,nDCG@5_ci90_high,nDCG@5_ci95_low,nDCG@5_ci95_high,nDCG@10,nDCG@10_std,nDCG@10_stderr,nDCG@10_ci90_low,nDCG@10_ci90_high,nDCG@10_ci95_low,nDCG@10_ci95_high,nDCG@100,nDCG@100_std,nDCG@100_stderr,nDCG@100_ci90_low,nDCG@100_ci90_high,nDCG@100_ci95_low,nDCG@100_ci95_high,RR@1,RR@3,RR@5,RR@10,RR@100,P@1,P@3,P@5,P@10,P@100,R@1,R@3,R@5,R@10,R@100,AP
57.07547169811321,49.51353062428359,1.2853072133422898,54.960007994529306,59.19093540169712,54.55425816710232,59.596685229124105,66.60021491996288,42.00834275213554,1.090482243522224,64.80541008137861,68.39501975854715,64.46116321375949,68.73926662616627,69.03887185620712,39.34402737338133,1.021320062361746,67.35789979035368,70.71984392206056,67.03548625781511,71.04225745459914,71.13308153951361,36.59917073541068,0.9500671342854785,69.56938336861285,72.69677971041438,69.26946318472314,72.99669989430409,73.53955332313,32.5074384905924,0.8438510575278483,72.15067425600874,74.92843239025125,71.8842846976123,75.19482194864769,56.94070080862533,64.8135669362085,66.0972596585805,66.9025692037822,67.38422709909734,57.07547169811321,25.696316262353758,16.684636118598043,9.036388140161522,1.0249326145552378,55.31221922731358,73.51190476190477,79.34636118598382,85.61882300089849,96.52403414195867,66.72465433071267
