nDCG@1,nDCG@1_std,nDCG@1_stderr,nDCG@1_ci90_low,nDCG@1_ci90_high,nDCG@1_ci95_low,nDCG@1_ci95_high,nDCG@3,nDCG@3_std,nDCG@3_stderr,nDCG@3_ci90_low,nDCG@3_ci90_high,nDCG@3_ci95_low,nDCG@3_ci95_high,nDCG@5,nDCG@5_std,nDCG@5_stderr,nDCG@5_ci90_low,nDCG@5_ci90_high,nDCG@5_ci95_low,nDCG@5_ci95_high,nDCG@10,nDCG@10_std,nDCG@10_stderr,nDCG@10_ci90_low,nDCG@10_ci90_high,nDCG@10_ci95_low,nDCG@10_ci95_high,nDCG@100,nDCG@100_std,nDCG@100_stderr,nDCG@100_ci90_low,nDCG@100_ci90_high,nDCG@100_ci95_low,nDCG@100_ci95_high,RR@1,RR@3,RR@5,RR@10,RR@100,P@1,P@3,P@5,P@10,P@100,R@1,R@3,R@5,R@10,R@100,AP
57.54716981132076,49.44378213127697,1.2834966326777555,55.43468610943487,59.65965351320664,55.02950785181201,60.0648317708295,67.24431735566029,41.95286595023917,1.0890421374996575,65.4518827613168,69.03675195000378,65.10809051090052,69.38054420042005,69.59594584391672,39.3566184384176,1.0216469101245842,67.91443582529082,71.27745586254262,67.59191911242151,71.59997257541194,71.53192742788221,36.751877006806936,0.9540311915779704,69.96170488737226,73.10214996839215,69.66053331739707,73.40332153836735,73.94490203906012,32.59966059156539,0.8462450239874332,72.5520827861994,75.33772129192084,72.28493749293447,75.60486658518577,57.41239892183289,65.318957771788,66.59928122192282,67.34977324263046,67.83416655925133,57.54716981132076,25.898472596585542,16.778975741239552,9.036388140161522,1.0229110512129196,55.851302785265055,74.03975741239893,79.57097933513027,85.4391284815813,96.37241689128481,67.34405778069463
