{
  "nDCG@1": 57.54716981132076,
  "nDCG@1_std": 49.44378213127697,
  "nDCG@1_stderr": 1.2834966326777555,
  "nDCG@1_ci90_low": 55.43468610943487,
  "nDCG@1_ci90_high": 59.65965351320664,
  "nDCG@1_ci95_low": 55.02950785181201,
  "nDCG@1_ci95_high": 60.0648317708295,
  "nDCG@3": 67.24431735566029,
  "nDCG@3_std": 41.95286595023917,
  "nDCG@3_stderr": 1.0890421374996575,
  "nDCG@3_ci90_low": 65.4518827613168,
  "nDCG@3_ci90_high": 69.03675195000378,
  "nDCG@3_ci95_low": 65.10809051090052,
  "nDCG@3_ci95_high": 69.38054420042005,
  "nDCG@5": 69.59594584391672,
  "nDCG@5_std": 39.3566184384176,
  "nDCG@5_stderr": 1.0216469101245842,
  "nDCG@5_ci90_low": 67.91443582529082,
  "nDCG@5_ci90_high": 71.27745586254262,
  "nDCG@5_ci95_low": 67.59191911242151,
  "nDCG@5_ci95_high": 71.59997257541194,
  "nDCG@10": 71.53192742788221,
  "nDCG@10_std": 36.751877006806936,
  "nDCG@10_stderr": 0.9540311915779704,
  "nDCG@10_ci90_low": 69.96170488737226,
  "nDCG@10_ci90_high": 73.10214996839215,
  "nDCG@10_ci95_low": 69.66053331739707,
  "nDCG@10_ci95_high": 73.40332153836735,
  "nDCG@100": 73.94490203906012,
  "nDCG@100_std": 32.59966059156539,
  "nDCG@100_stderr": 0.8462450239874332,
  "nDCG@100_ci90_low": 72.5520827861994,
  "nDCG@100_ci90_high": 75.33772129192084,
  "nDCG@100_ci95_low": 72.28493749293447,
  "nDCG@100_ci95_high": 75.60486658518577,
  "RR@1": 57.41239892183289,
  "RR@3": 65.318957771788,
  "RR@5": 66.59928122192282,
  "RR@10": 67.34977324263046,
  "RR@100": 67.83416655925133,
  "P@1": 57.54716981132076,
  "P@3": 25.898472596585542,
  "P@5": 16.778975741239552,
  "P@10": 9.036388140161522,
  "P@100": 1.0229110512129196,
  "R@1": 55.851302785265055,
  "R@3": 74.03975741239893,
  "R@5": 79.57097933513027,
  "R@10": 85.4391284815813,
  "R@100": 96.37241689128481,
  "AP": 67.34405778069463
}