nDCG@1,nDCG@1_std,nDCG@1_stderr,nDCG@1_ci90_low,nDCG@1_ci90_high,nDCG@1_ci95_low,nDCG@1_ci95_high,nDCG@3,nDCG@3_std,nDCG@3_stderr,nDCG@3_ci90_low,nDCG@3_ci90_high,nDCG@3_ci95_low,nDCG@3_ci95_high,nDCG@5,nDCG@5_std,nDCG@5_stderr,nDCG@5_ci90_low,nDCG@5_ci90_high,nDCG@5_ci95_low,nDCG@5_ci95_high,nDCG@10,nDCG@10_std,nDCG@10_stderr,nDCG@10_ci90_low,nDCG@10_ci90_high,nDCG@10_ci95_low,nDCG@10_ci95_high,nDCG@100,nDCG@100_std,nDCG@100_stderr,nDCG@100_ci90_low,nDCG@100_ci90_high,nDCG@100_ci95_low,nDCG@100_ci95_high,RR@1,RR@3,RR@5,RR@10,RR@100,P@1,P@3,P@5,P@10,P@100,R@1,R@3,R@5,R@10,R@100,AP
53.97574123989218,49.858485689018345,1.2942618006519069,51.84553934435119,56.10594313543317,51.436962704612064,56.514519775172296,62.651990631048996,43.7752627128764,1.1363492003379612,60.78169420467131,64.52228705742668,60.42296791172928,64.8810133503687,65.46220958745525,41.146839186952064,1.0681187252537983,63.704212455767966,67.22020671914252,63.36702537399918,67.55739380091131,67.72766566691661,38.356347659988245,0.9956811744842295,66.08889217907013,69.36643915476309,65.77457241137138,69.68075892246183,70.57332171395295,33.97713437491058,0.8820024617544574,69.12164994634395,72.02499348156195,68.84321663255552,72.30342679535038,54.04312668463612,61.15229110512135,62.580862533692816,63.50789372352723,64.07962180166965,53.97574123989218,24.011680143755424,15.902964959568441,8.706199460916261,1.0114555256064508,52.38095238095237,68.99707996406109,75.71316262353997,82.53032345013477,95.36163522012579,63.35505768932942
