{
  "nDCG@1": 53.97574123989218,
  "nDCG@1_std": 49.858485689018345,
  "nDCG@1_stderr": 1.2942618006519069,
  "nDCG@1_ci90_low": 51.84553934435119,
  "nDCG@1_ci90_high": 56.10594313543317,
  "nDCG@1_ci95_low": 51.436962704612064,
  "nDCG@1_ci95_high": 56.514519775172296,
  "nDCG@3": 62.651990631048996,
  "nDCG@3_std": 43.7752627128764,
  "nDCG@3_stderr": 1.1363492003379612,
  "nDCG@3_ci90_low": 60.78169420467131,
  "nDCG@3_ci90_high": 64.52228705742668,
  "nDCG@3_ci95_low": 60.42296791172928,
  "nDCG@3_ci95_high": 64.8810133503687,
  "nDCG@5": 65.46220958745525,
  "nDCG@5_std": 41.146839186952064,
  "nDCG@5_stderr": 1.0681187252537983,
  "nDCG@5_ci90_low": 63.704212455767966,
  "nDCG@5_ci90_high": 67.22020671914252,
  "nDCG@5_ci95_low": 63.36702537399918,
  "nDCG@5_ci95_high": 67.55739380091131,
  "nDCG@10": 67.72766566691661,
  "nDCG@10_std": 38.356347659988245,
  "nDCG@10_stderr": 0.9956811744842295,
  "nDCG@10_ci90_low": 66.08889217907013,
  "nDCG@10_ci90_high": 69.36643915476309,
  "nDCG@10_ci95_low": 65.77457241137138,
  "nDCG@10_ci95_high": 69.68075892246183,
  "nDCG@100": 70.57332171395295,
  "nDCG@100_std": 33.97713437491058,
  "nDCG@100_stderr": 0.8820024617544574,
  "nDCG@100_ci90_low": 69.12164994634395,
  "nDCG@100_ci90_high": 72.02499348156195,
  "nDCG@100_ci95_low": 68.84321663255552,
  "nDCG@100_ci95_high": 72.30342679535038,
  "RR@1": 54.04312668463612,
  "RR@3": 61.15229110512135,
  "RR@5": 62.580862533692816,
  "RR@10": 63.50789372352723,
  "RR@100": 64.07962180166965,
  "P@1": 53.97574123989218,
  "P@3": 24.011680143755424,
  "P@5": 15.902964959568441,
  "P@10": 8.706199460916261,
  "P@100": 1.0114555256064508,
  "R@1": 52.38095238095237,
  "R@3": 68.99707996406109,
  "R@5": 75.71316262353997,
  "R@10": 82.53032345013477,
  "R@100": 95.36163522012579,
  "AP": 63.35505768932942
}