{
  "nDCG@1": 64.8921832884097,
  "nDCG@1_std": 47.74682295938511,
  "nDCG@1_stderr": 1.2394457674520338,
  "nDCG@1_ci90_low": 62.85220210228746,
  "nDCG@1_ci90_high": 66.93216447453193,
  "nDCG@1_ci95_low": 62.460929960477074,
  "nDCG@1_ci95_high": 67.32343661634232,
  "nDCG@3": 73.77968400106649,
  "nDCG@3_std": 39.035457736643146,
  "nDCG@3_stderr": 1.0133099937013728,
  "nDCG@3_ci90_low": 72.11189556114958,
  "nDCG@3_ci90_high": 75.44747244098339,
  "nDCG@3_ci95_low": 71.79201067230248,
  "nDCG@3_ci95_high": 75.76735732983049,
  "nDCG@5": 76.12411682032977,
  "nDCG@5_std": 35.83248570038921,
  "nDCG@5_stderr": 0.9301649824201178,
  "nDCG@5_ci90_low": 74.59317523824866,
  "nDCG@5_ci90_high": 77.65505840241089,
  "nDCG@5_ci95_low": 74.29953782831444,
  "nDCG@5_ci95_high": 77.94869581234511,
  "nDCG@10": 77.91911272026056,
  "nDCG@10_std": 32.79263447332022,
  "nDCG@10_stderr": 0.8512543763620042,
  "nDCG@10_ci90_low": 76.51804866567706,
  "nDCG@10_ci90_high": 79.32017677484406,
  "nDCG@10_ci95_low": 76.24932200428441,
  "nDCG@10_ci95_high": 79.5889034362367,
  "nDCG@100": 79.41602539724232,
  "nDCG@100_std": 29.685921267779328,
  "nDCG@100_stderr": 0.7706081198232092,
  "nDCG@100_ci90_low": 78.14769554563128,
  "nDCG@100_ci90_high": 80.68435524885336,
  "nDCG@100_ci95_low": 77.90442754838801,
  "nDCG@100_ci95_high": 80.92762324609663,
  "RR@1": 64.8921832884097,
  "RR@3": 72.13611859838282,
  "RR@5": 73.37264150943406,
  "RR@10": 74.07887840670865,
  "RR@100": 74.36330340589159,
  "P@1": 64.8921832884097,
  "P@3": 28.009883198562058,
  "P@5": 18.072776280323048,
  "P@10": 9.629380053908127,
  "P@100": 1.0384097035040245,
  "R@1": 63.095238095238095,
  "R@3": 79.96967654986523,
  "R@5": 85.52336028751124,
  "R@10": 90.84681042228212,
  "R@100": 97.72012578616352,
  "AP": 73.82264913513256
}