nDCG@1,nDCG@1_std,nDCG@1_stderr,nDCG@1_ci90_low,nDCG@1_ci90_high,nDCG@1_ci95_low,nDCG@1_ci95_high,nDCG@3,nDCG@3_std,nDCG@3_stderr,nDCG@3_ci90_low,nDCG@3_ci90_high,nDCG@3_ci95_low,nDCG@3_ci95_high,nDCG@5,nDCG@5_std,nDCG@5_stderr,nDCG@5_ci90_low,nDCG@5_ci90_high,nDCG@5_ci95_low,nDCG@5_ci95_high,nDCG@10,nDCG@10_std,nDCG@10_stderr,nDCG@10_ci90_low,nDCG@10_ci90_high,nDCG@10_ci95_low,nDCG@10_ci95_high,nDCG@100,nDCG@100_std,nDCG@100_stderr,nDCG@100_ci90_low,nDCG@100_ci90_high,nDCG@100_ci95_low,nDCG@100_ci95_high,RR@1,RR@3,RR@5,RR@10,RR@100,P@1,P@3,P@5,P@10,P@100,R@1,R@3,R@5,R@10,R@100,AP
64.8921832884097,47.74682295938511,1.2394457674520338,62.85220210228746,66.93216447453193,62.460929960477074,67.32343661634232,73.77968400106649,39.035457736643146,1.0133099937013728,72.11189556114958,75.44747244098339,71.79201067230248,75.76735732983049,76.12411682032977,35.83248570038921,0.9301649824201178,74.59317523824866,77.65505840241089,74.29953782831444,77.94869581234511,77.91911272026056,32.79263447332022,0.8512543763620042,76.51804866567706,79.32017677484406,76.24932200428441,79.5889034362367,79.41602539724232,29.685921267779328,0.7706081198232092,78.14769554563128,80.68435524885336,77.90442754838801,80.92762324609663,64.8921832884097,72.13611859838282,73.37264150943406,74.07887840670865,74.36330340589159,64.8921832884097,28.009883198562058,18.072776280323048,9.629380053908127,1.0384097035040245,63.095238095238095,79.96967654986523,85.52336028751124,90.84681042228212,97.72012578616352,73.82264913513256
