{
  "nDCG@1": 58.490566037735846,
  "nDCG@1_std": 49.290439739498176,
  "nDCG@1_stderr": 1.279516062522902,
  "nDCG@1_ci90_low": 56.38463388367818,
  "nDCG@1_ci90_high": 60.596498191793515,
  "nDCG@1_ci95_low": 55.98071222497317,
  "nDCG@1_ci95_high": 61.000419850498524,
  "nDCG@3": 67.6278438552605,
  "nDCG@3_std": 41.88641201864498,
  "nDCG@3_stderr": 1.0873170793881466,
  "nDCG@3_ci90_low": 65.83824850260459,
  "nDCG@3_ci90_high": 69.4174392079164,
  "nDCG@3_ci95_low": 65.49500082396368,
  "nDCG@3_ci95_high": 69.76068688655731,
  "nDCG@5": 70.37824732334359,
  "nDCG@5_std": 38.86696196993335,
  "nDCG@5_stderr": 1.00893606153295,
  "nDCG@5_ci90_low": 68.71765785861967,
  "nDCG@5_ci90_high": 72.0388367880675,
  "nDCG@5_ci95_low": 68.39915374644923,
  "nDCG@5_ci95_high": 72.35734090023794,
  "nDCG@10": 72.39414495265974,
  "nDCG@10_std": 36.05068964923372,
  "nDCG@10_stderr": 0.9358292747033279,
  "nDCG@10_ci90_low": 70.85388061520369,
  "nDCG@10_ci90_high": 73.9344092901158,
  "nDCG@10_ci95_low": 70.55845508364958,
  "nDCG@10_ci95_high": 74.22983482166991,
  "nDCG@100": 74.51810553658157,
  "nDCG@100_std": 32.28640119855486,
  "nDCG@100_stderr": 0.8381132153200427,
  "nDCG@100_ci90_low": 73.13867027931488,
  "nDCG@100_ci90_high": 75.89754079384826,
  "nDCG@100_ci95_low": 72.8740920610101,
  "nDCG@100_ci95_high": 76.16211901215304,
  "RR@1": 58.490566037735846,
  "RR@3": 66.01527403414201,
  "RR@5": 67.40341419586716,
  "RR@10": 68.2150077011938,
  "RR@100": 68.62318420908468,
  "P@1": 58.490566037735846,
  "P@3": 25.92093441150019,
  "P@5": 17.021563342317705,
  "P@10": 9.16442048517499,
  "P@100": 1.0235849056603592,
  "R@1": 56.693620844564244,
  "R@3": 74.09029649595688,
  "R@5": 80.63791554357591,
  "R@10": 86.6857592093441,
  "R@100": 96.5071877807727,
  "AP": 67.98708124848855
}