nDCG@1,nDCG@1_std,nDCG@1_stderr,nDCG@1_ci90_low,nDCG@1_ci90_high,nDCG@1_ci95_low,nDCG@1_ci95_high,nDCG@3,nDCG@3_std,nDCG@3_stderr,nDCG@3_ci90_low,nDCG@3_ci90_high,nDCG@3_ci95_low,nDCG@3_ci95_high,nDCG@5,nDCG@5_std,nDCG@5_stderr,nDCG@5_ci90_low,nDCG@5_ci90_high,nDCG@5_ci95_low,nDCG@5_ci95_high,nDCG@10,nDCG@10_std,nDCG@10_stderr,nDCG@10_ci90_low,nDCG@10_ci90_high,nDCG@10_ci95_low,nDCG@10_ci95_high,nDCG@100,nDCG@100_std,nDCG@100_stderr,nDCG@100_ci90_low,nDCG@100_ci90_high,nDCG@100_ci95_low,nDCG@100_ci95_high,RR@1,RR@3,RR@5,RR@10,RR@100,P@1,P@3,P@5,P@10,P@100,R@1,R@3,R@5,R@10,R@100,AP
58.490566037735846,49.290439739498176,1.279516062522902,56.38463388367818,60.596498191793515,55.98071222497317,61.000419850498524,67.6278438552605,41.88641201864498,1.0873170793881466,65.83824850260459,69.4174392079164,65.49500082396368,69.76068688655731,70.37824732334359,38.86696196993335,1.00893606153295,68.71765785861967,72.0388367880675,68.39915374644923,72.35734090023794,72.39414495265974,36.05068964923372,0.9358292747033279,70.85388061520369,73.9344092901158,70.55845508364958,74.22983482166991,74.51810553658157,32.28640119855486,0.8381132153200427,73.13867027931488,75.89754079384826,72.8740920610101,76.16211901215304,58.490566037735846,66.01527403414201,67.40341419586716,68.2150077011938,68.62318420908468,58.490566037735846,25.92093441150019,17.021563342317705,9.16442048517499,1.0235849056603592,56.693620844564244,74.09029649595688,80.63791554357591,86.6857592093441,96.5071877807727,67.98708124848855
