{
  "nDCG@1": 57.884097035040426,
  "nDCG@1_std": 49.391141631595275,
  "nDCG@1_stderr": 1.2821301533921592,
  "nDCG@1_ci90_low": 55.773862396491594,
  "nDCG@1_ci90_high": 59.99433167358926,
  "nDCG@1_ci95_low": 55.369115513351474,
  "nDCG@1_ci95_high": 60.39907855672938,
  "nDCG@3": 67.87498067962173,
  "nDCG@3_std": 41.339563261687935,
  "nDCG@3_stderr": 1.0731215929612619,
  "nDCG@3_ci90_low": 66.108749419207,
  "nDCG@3_ci90_high": 69.64121194003646,
  "nDCG@3_ci95_low": 65.76998301641062,
  "nDCG@3_ci95_high": 69.97997834283284,
  "nDCG@5": 70.39664847634354,
  "nDCG@5_std": 38.43612301189512,
  "nDCG@5_stderr": 0.9977520394369005,
  "nDCG@5_ci90_low": 68.75446658963575,
  "nDCG@5_ci90_high": 72.03883036305133,
  "nDCG@5_ci95_low": 68.43949308476938,
  "nDCG@5_ci95_high": 72.3538038679177,
  "nDCG@10": 72.18568275613728,
  "nDCG@10_std": 35.97792301521824,
  "nDCG@10_stderr": 0.9339403470019196,
  "nDCG@10_ci90_low": 70.64852737033851,
  "nDCG@10_ci90_high": 73.72283814193605,
  "nDCG@10_ci95_low": 70.35369814142776,
  "nDCG@10_ci95_high": 74.01766737084681,
  "nDCG@100": 74.45480201891428,
  "nDCG@100_std": 31.98331174063286,
  "nDCG@100_stderr": 0.8302454050135788,
  "nDCG@100_ci90_low": 73.08831624715366,
  "nDCG@100_ci90_high": 75.8212877906749,
  "nDCG@100_ci95_low": 72.82622176397533,
  "nDCG@100_ci95_high": 76.08338227385323,
  "RR@1": 57.8167115902965,
  "RR@3": 65.93665768194083,
  "RR@5": 67.28436657681958,
  "RR@10": 67.99407970735474,
  "RR@100": 68.46578904100002,
  "P@1": 57.884097035040426,
  "P@3": 26.235399820305204,
  "P@5": 17.06199460916406,
  "P@10": 9.11725067385424,
  "P@100": 1.0235849056603592,
  "R@1": 56.205076370170715,
  "R@3": 75.12353998203054,
  "R@5": 81.1039982030548,
  "R@10": 86.3544474393531,
  "R@100": 96.47349505840073,
  "AP": 67.82053991861645
}