nDCG@1,nDCG@1_std,nDCG@1_stderr,nDCG@1_ci90_low,nDCG@1_ci90_high,nDCG@1_ci95_low,nDCG@1_ci95_high,nDCG@3,nDCG@3_std,nDCG@3_stderr,nDCG@3_ci90_low,nDCG@3_ci90_high,nDCG@3_ci95_low,nDCG@3_ci95_high,nDCG@5,nDCG@5_std,nDCG@5_stderr,nDCG@5_ci90_low,nDCG@5_ci90_high,nDCG@5_ci95_low,nDCG@5_ci95_high,nDCG@10,nDCG@10_std,nDCG@10_stderr,nDCG@10_ci90_low,nDCG@10_ci90_high,nDCG@10_ci95_low,nDCG@10_ci95_high,nDCG@100,nDCG@100_std,nDCG@100_stderr,nDCG@100_ci90_low,nDCG@100_ci90_high,nDCG@100_ci95_low,nDCG@100_ci95_high,RR@1,RR@3,RR@5,RR@10,RR@100,P@1,P@3,P@5,P@10,P@100,R@1,R@3,R@5,R@10,R@100,AP
57.884097035040426,49.391141631595275,1.2821301533921592,55.773862396491594,59.99433167358926,55.369115513351474,60.39907855672938,67.87498067962173,41.339563261687935,1.0731215929612619,66.108749419207,69.64121194003646,65.76998301641062,69.97997834283284,70.39664847634354,38.43612301189512,0.9977520394369005,68.75446658963575,72.03883036305133,68.43949308476938,72.3538038679177,72.18568275613728,35.97792301521824,0.9339403470019196,70.64852737033851,73.72283814193605,70.35369814142776,74.01766737084681,74.45480201891428,31.98331174063286,0.8302454050135788,73.08831624715366,75.8212877906749,72.82622176397533,76.08338227385323,57.8167115902965,65.93665768194083,67.28436657681958,67.99407970735474,68.46578904100002,57.884097035040426,26.235399820305204,17.06199460916406,9.11725067385424,1.0235849056603592,56.205076370170715,75.12353998203054,81.1039982030548,86.3544474393531,96.47349505840073,67.82053991861645
