{
  "nDCG@1": 58.153638814016176,
  "nDCG@1_std": 49.3473314059809,
  "nDCG@1_stderr": 1.2809928966001198,
  "nDCG@1_ci90_low": 56.04527596568235,
  "nDCG@1_ci90_high": 60.26200166235,
  "nDCG@1_ci95_low": 55.640888095346575,
  "nDCG@1_ci95_high": 60.66638953268578,
  "nDCG@3": 68.0372379633187,
  "nDCG@3_std": 41.256896825952424,
  "nDCG@3_stderr": 1.0709756792117777,
  "nDCG@3_ci90_low": 66.27453862321138,
  "nDCG@3_ci90_high": 69.79993730342602,
  "nDCG@3_ci95_low": 65.93644964922306,
  "nDCG@3_ci95_high": 70.13802627741434,
  "nDCG@5": 70.73858976669304,
  "nDCG@5_std": 38.192640741477746,
  "nDCG@5_stderr": 0.9914315546210808,
  "nDCG@5_ci90_low": 69.10681065068327,
  "nDCG@5_ci90_high": 72.3703688827028,
  "nDCG@5_ci95_low": 68.7938324163613,
  "nDCG@5_ci95_high": 72.68334711702478,
  "nDCG@10": 72.37090706352022,
  "nDCG@10_std": 35.91860142517594,
  "nDCG@10_stderr": 0.9324004352520009,
  "nDCG@10_ci90_low": 70.83628619038882,
  "nDCG@10_ci90_high": 73.90552793665162,
  "nDCG@10_ci95_low": 70.54194308566713,
  "nDCG@10_ci95_high": 74.19987104137331,
  "nDCG@100": 74.5617096808423,
  "nDCG@100_std": 32.05627309482408,
  "nDCG@100_stderr": 0.8321393873988947,
  "nDCG@100_ci90_low": 73.19210663801233,
  "nDCG@100_ci90_high": 75.93131272367226,
  "nDCG@100_ci95_low": 72.9294142565121,
  "nDCG@100_ci95_high": 76.1940051051725,
  "RR@1": 58.086253369272235,
  "RR@3": 66.18373764600192,
  "RR@5": 67.55503144654104,
  "RR@10": 68.17305223976395,
  "RR@100": 68.58616932975166,
  "P@1": 58.153638814016176,
  "P@3": 26.302785265049124,
  "P@5": 17.237196765498293,
  "P@10": 9.157681940700602,
  "P@100": 1.0269541778975557,
  "R@1": 56.558849955076376,
  "R@3": 75.26954177897575,
  "R@5": 81.62623539982032,
  "R@10": 86.46675651392631,
  "R@100": 96.64195867026056,
  "AP": 67.98110816933861
}