nDCG@1,nDCG@1_std,nDCG@1_stderr,nDCG@1_ci90_low,nDCG@1_ci90_high,nDCG@1_ci95_low,nDCG@1_ci95_high,nDCG@3,nDCG@3_std,nDCG@3_stderr,nDCG@3_ci90_low,nDCG@3_ci90_high,nDCG@3_ci95_low,nDCG@3_ci95_high,nDCG@5,nDCG@5_std,nDCG@5_stderr,nDCG@5_ci90_low,nDCG@5_ci90_high,nDCG@5_ci95_low,nDCG@5_ci95_high,nDCG@10,nDCG@10_std,nDCG@10_stderr,nDCG@10_ci90_low,nDCG@10_ci90_high,nDCG@10_ci95_low,nDCG@10_ci95_high,nDCG@100,nDCG@100_std,nDCG@100_stderr,nDCG@100_ci90_low,nDCG@100_ci90_high,nDCG@100_ci95_low,nDCG@100_ci95_high,RR@1,RR@3,RR@5,RR@10,RR@100,P@1,P@3,P@5,P@10,P@100,R@1,R@3,R@5,R@10,R@100,AP
58.153638814016176,49.3473314059809,1.2809928966001198,56.04527596568235,60.26200166235,55.640888095346575,60.66638953268578,68.0372379633187,41.256896825952424,1.0709756792117777,66.27453862321138,69.79993730342602,65.93644964922306,70.13802627741434,70.73858976669304,38.192640741477746,0.9914315546210808,69.10681065068327,72.3703688827028,68.7938324163613,72.68334711702478,72.37090706352022,35.91860142517594,0.9324004352520009,70.83628619038882,73.90552793665162,70.54194308566713,74.19987104137331,74.5617096808423,32.05627309482408,0.8321393873988947,73.19210663801233,75.93131272367226,72.9294142565121,76.1940051051725,58.086253369272235,66.18373764600192,67.55503144654104,68.17305223976395,68.58616932975166,58.153638814016176,26.302785265049124,17.237196765498293,9.157681940700602,1.0269541778975557,56.558849955076376,75.26954177897575,81.62623539982032,86.46675651392631,96.64195867026056,67.98110816933861
