nDCG@1,nDCG@1_std,nDCG@1_stderr,nDCG@1_ci90_low,nDCG@1_ci90_high,nDCG@1_ci95_low,nDCG@1_ci95_high,nDCG@3,nDCG@3_std,nDCG@3_stderr,nDCG@3_ci90_low,nDCG@3_ci90_high,nDCG@3_ci95_low,nDCG@3_ci95_high,nDCG@5,nDCG@5_std,nDCG@5_stderr,nDCG@5_ci90_low,nDCG@5_ci90_high,nDCG@5_ci95_low,nDCG@5_ci95_high,nDCG@10,nDCG@10_std,nDCG@10_stderr,nDCG@10_ci90_low,nDCG@10_ci90_high,nDCG@10_ci95_low,nDCG@10_ci95_high,nDCG@100,nDCG@100_std,nDCG@100_stderr,nDCG@100_ci90_low,nDCG@100_ci90_high,nDCG@100_ci95_low,nDCG@100_ci95_high,RR@1,RR@3,RR@5,RR@10,RR@100,P@1,P@3,P@5,P@10,P@100,R@1,R@3,R@5,R@10,R@100,AP
59.905660377358494,49.02547806975668,1.2726380002824578,57.81104870051406,62.00027205420293,57.40929833015018,62.40202242456681,69.94734457132442,40.39174552587336,1.0485174704635065,68.22160878744809,71.67308035520075,67.89060949149888,72.00407965114997,72.41843747844491,37.32905141105509,0.9690138925848111,70.82355518357227,74.01331977331756,70.5176538273757,74.31922112951413,74.09864811272419,34.89118515401692,0.9057300377308376,72.60792356051162,75.58937266493676,72.3219998508414,75.87529637460699,76.03417065710329,31.303856209457738,0.8126076182439075,74.69671459694426,77.37162671726232,74.44018806581951,77.62815324838706,59.97304582210242,68.08176100628938,69.45642407906571,70.09420592136232,70.45568590652589,59.905660377358494,26.931716082659175,17.45283018867887,9.292452830188461,1.0276280323449951,58.15925426774483,77.07771787960466,82.89532794249774,87.84815813117699,96.74303683737647,69.75238487335459
