{
  "nDCG@1": 59.905660377358494,
  "nDCG@1_std": 49.02547806975668,
  "nDCG@1_stderr": 1.2726380002824578,
  "nDCG@1_ci90_low": 57.81104870051406,
  "nDCG@1_ci90_high": 62.00027205420293,
  "nDCG@1_ci95_low": 57.40929833015018,
  "nDCG@1_ci95_high": 62.40202242456681,
  "nDCG@3": 69.94734457132442,
  "nDCG@3_std": 40.39174552587336,
  "nDCG@3_stderr": 1.0485174704635065,
  "nDCG@3_ci90_low": 68.22160878744809,
  "nDCG@3_ci90_high": 71.67308035520075,
  "nDCG@3_ci95_low": 67.89060949149888,
  "nDCG@3_ci95_high": 72.00407965114997,
  "nDCG@5": 72.41843747844491,
  "nDCG@5_std": 37.32905141105509,
  "nDCG@5_stderr": 0.9690138925848111,
  "nDCG@5_ci90_low": 70.82355518357227,
  "nDCG@5_ci90_high": 74.01331977331756,
  "nDCG@5_ci95_low": 70.5176538273757,
  "nDCG@5_ci95_high": 74.31922112951413,
  "nDCG@10": 74.09864811272419,
  "nDCG@10_std": 34.89118515401692,
  "nDCG@10_stderr": 0.9057300377308376,
  "nDCG@10_ci90_low": 72.60792356051162,
  "nDCG@10_ci90_high": 75.58937266493676,
  "nDCG@10_ci95_low": 72.3219998508414,
  "nDCG@10_ci95_high": 75.87529637460699,
  "nDCG@100": 76.03417065710329,
  "nDCG@100_std": 31.303856209457738,
  "nDCG@100_stderr": 0.8126076182439075,
  "nDCG@100_ci90_low": 74.69671459694426,
  "nDCG@100_ci90_high": 77.37162671726232,
  "nDCG@100_ci95_low": 74.44018806581951,
  "nDCG@100_ci95_high": 77.62815324838706,
  "RR@1": 59.97304582210242,
  "RR@3": 68.08176100628938,
  "RR@5": 69.45642407906571,
  "RR@10": 70.09420592136232,
  "RR@100": 70.45568590652589,
  "P@1": 59.905660377358494,
  "P@3": 26.931716082659175,
  "P@5": 17.45283018867887,
  "P@10": 9.292452830188461,
  "P@100": 1.0276280323449951,
  "R@1": 58.15925426774483,
  "R@3": 77.07771787960466,
  "R@5": 82.89532794249774,
  "R@10": 87.84815813117699,
  "R@100": 96.74303683737647,
  "AP": 69.75238487335459
}